Protein1,Residue1,Protein2,Residue2,DB
Nup82,671,Nup145N,559,endo_DSS
Nup159,420,Nup159,422,endo_DSS
Nup116,856,Nup116,863,endo_DSS
Nsp1,594,Nsp1,599,endo_DSS
Gle1,206,Gle1,213,endo_DSS
Pom152,870,Pom152,888,endo_DSS
Nsp1,559,Nsp1,541,endo_DSS
Nup116,1070,Nup116,952,endo_DSS
Nup170,1140,Nup170,1144,endo_DSS
Nup49,382,Nup57,535,endo_DSS
Nup170,548,Nup170,566,endo_DSS
Nsp1,350,Nsp1,503,endo_DSS
Nup49,383,Nup49,332,endo_DSS
Nup49,286,Nsp1,623,endo_DSS
Nsp1,740,Nup82,622,endo_DSS
Nup84,20,Nup84,460,endo_DSS
Nsp1,541,Nsp1,522,endo_DSS
Nsp1,555,Nsp1,541,endo_DSS
Seh1,1,Seh1,40,endo_DSS
Nsp1,613,Nsp1,599,endo_DSS
Nsp1,350,Nsp1,370,endo_DSS
Nup116,943,Nup116,1067,endo_DSS
Nup100,760,Nup100,744,endo_DSS
Nsp1,332,Nsp1,313,endo_DSS
Nsp1,365,Nsp1,370,endo_DSS
Pom34,278,Nup192,892,endo_DSS
Dyn2,12,Nup159,1151,endo_DSS
Nup170,563,Nup170,547,endo_DSS
Nsp1,536,Nsp1,541,endo_DSS
Nup53,390,Nup53,394,endo_DSS
Nsp1,294,Nsp1,313,endo_DSS
Nsp1,498,Nsp1,503,endo_DSS
Nsp1,365,Nsp1,484,endo_DSS
Nup116,753,Nup57,382,endo_DSS
Nup159,963,Nup159,978,endo_DSS
Pom152,764,Pom152,766,endo_DSS
Nup57,496,Nsp1,661,endo_DSS
Nup170,548,Nup170,512,endo_DSS
Pom152,317,Pom152,322,endo_DSS
Nup192,964,Nup49,332,endo_DSS
Nup188,423,Nup100,709,endo_DSS
Nup159,972,Nup159,990,endo_DSS
Nup145N,395,Nup145N,384,endo_DSS
Nup145C,683,Nup145C,672,endo_DSS
Nup170,566,Nup170,547,endo_DSS
Gle1,171,Gle1,163,endo_DSS
Nup53,376,Nup53,383,endo_DSS
Nsp1,365,Nsp1,350,endo_DSS
Nup170,1014,Nup170,1121,endo_DSS
Nsp1,661,Nic96,1,endo_DSS
Nsp1,365,Nsp1,370,endo_DSS
Nup82,469,Nsp1,692,endo_DSS
Nup100,717,Nup100,709,endo_DSS
Dyn2,34,Dyn2,47,endo_DSS
Nsp1,623,Nup159,1191,endo_DSS
Nup159,978,Nup159,992,endo_DSS
Gle1,163,Gle1,171,endo_DSS
Nup84,669,Nup84,676,endo_DSS
Nsp1,350,Nsp1,332,endo_DSS
Dyn2,63,Dyn2,12,endo_DSS
Nup49,295,Nsp1,661,endo_DSS
Nup159,1152,Dyn2,12,endo_DSS
Nsp1,692,Nup159,1292,endo_DSS
Nsp1,509,Nsp1,522,endo_DSS
Nup84,682,Nup84,625,endo_DSS
Gle1,188,Gle1,196,endo_DSS
Nup170,1121,Nup170,1014,endo_DSS
Nsp1,517,Nsp1,503,endo_DSS
Gle1,220,Gle1,226,endo_DSS
Nup116,778,Nup116,772,endo_DSS
Nsp1,517,Nsp1,522,endo_DSS
Nup159,1384,Nup159,1387,endo_DSS
Pom152,922,Pom152,985,endo_DSS
Nup145N,565,Nup145N,421,endo_DSS
Nup82,659,Nup85,2,endo_DSS
Gle1,248,Gle1,259,endo_DSS
Nup82,541,Nsp1,613,endo_DSS
Nsp1,300,Nsp1,313,endo_DSS
Seh1,82,Seh1,100,endo_DSS
Nsp1,643,Nsp1,628,endo_DSS
Nup159,1019,Nup159,1024,endo_DSS
Nsp1,594,Nsp1,607,endo_DSS
Nup116,915,Nup116,901,endo_DSS
Nup170,547,Nup170,512,endo_DSS
Nup159,1198,Nsp1,613,endo_DSS
Nsp1,498,Nsp1,484,endo_DSS
Nsp1,300,Nsp1,319,endo_DSS
Nup59,257,Nup59,223,endo_DSS
Nup100,925,Nup100,932,endo_DSS
Pom152,357,Pom152,363,endo_DSS
Nsp1,579,Nsp1,599,endo_DSS
Nsp1,623,Nsp1,607,endo_DSS
Nup84,172,Nup84,137,endo_DSS
Nup192,1653,Nup49,463,endo_DSS
Nic96,173,Nic96,167,endo_DSS
Nsp1,585,Nsp1,599,endo_DSS
Nic96,9,Nic96,1,endo_DSS
Nup49,463,Nic96,64,endo_DSS
Nup57,389,Nup116,772,endo_DSS
Nsp1,555,Nsp1,574,endo_DSS
Nup82,608,Nup82,604,endo_DSS
Nup170,1014,Nup170,1122,endo_DSS
Nup116,935,Nup116,924,endo_DSS
Nsp1,607,Nup82,541,endo_DSS
Nup84,682,Nup133,966,endo_DSS
Nup170,1126,Nup170,1014,endo_DSS
Nup188,869,Nup192,1374,endo_DSS
Nsp1,574,Nsp1,599,endo_DSS
Nsp1,585,Nsp1,574,endo_DSS
Nup82,541,Nsp1,599,endo_DSS
Gle1,272,Nup60,307,endo_DSS
Nup116,856,Nup100,709,endo_DSS
Nup84,460,Nup84,20,endo_DSS
Nsp1,643,Nsp1,623,endo_DSS
Gle1,53,Gle1,48,endo_DSS
Gle1,251,Gle1,259,endo_DSS
Nup159,158,Nup159,401,endo_DSS
Nup116,852,Nup116,856,endo_DSS
Nsp1,816,Nup49,382,endo_DSS
Nup188,990,Nup188,1035,endo_DSS
Nup57,535,Nup57,538,endo_DSS
Nup49,382,Nup49,371,endo_DSS
Nup84,154,Nup145C,353,endo_DSS
Nsp1,585,Nsp1,607,endo_DSS
Nup57,496,Nic96,9,endo_DSS
Nup192,1374,Nup188,869,endo_DSS
Nsp1,635,Nup192,43,endo_DSS
Nic96,68,Nup49,463,endo_DSS
Nup84,625,Nup133,966,endo_DSS
Sec13,34,Nup145C,168,endo_DSS
Nsp1,312,Nsp1,294,endo_DSS
Sec13,2,Nup145C,168,endo_DSS
Nsp1,559,Nsp1,574,endo_DSS
Nic96,181,Nic96,543,endo_DSS
Gle1,196,Gle1,188,endo_DSS
Nsp1,289,Nsp1,300,endo_DSS
Nup82,269,Nup159,1343,endo_DSS
Nup82,629,Nup82,269,endo_DSS
Nup53,304,Nup53,319,endo_DSS
Nup116,895,Nup116,901,endo_DSS
Nsp1,319,Nsp1,312,endo_DSS
Nsp1,574,Nsp1,559,endo_DSS
Nup188,1645,Nup188,1638,endo_DSS
Nsp1,579,Nsp1,559,endo_DSS
Nup145N,444,Nup145N,565,endo_DSS
Nup82,541,Nsp1,607,endo_DSS
Nsp1,579,Nsp1,607,endo_DSS
Nup57,496,Nic96,16,endo_DSS
Nup188,1000,Nup188,1038,endo_DSS
Nup170,1126,Nup170,1121,endo_DSS
Nup57,410,Nup192,892,endo_DSS
Sec13,252,Sec13,245,endo_DSS
Pom34,209,Nup170,1144,endo_DSS
Nup49,295,Nup49,371,endo_DSS
Nsp1,692,Nup49,327,endo_DSS
Sec13,44,Nup145C,168,endo_DSS
Nsp1,671,Nic96,16,endo_DSS
Nsp1,671,Nic96,9,endo_DSS
Pom152,697,Pom152,528,endo_DSS
Nup159,1314,Nup82,269,endo_DSS
Nup84,592,Nup84,619,endo_DSS
Nup116,885,Nup116,924,endo_DSS
Nup116,943,Nup116,924,endo_DSS
Nup100,760,Nup100,914,endo_DSS
Nup100,769,Nup100,914,endo_DSS
Nup159,1019,Nup159,990,endo_DSS
Nup59,257,Nic96,315,endo_DSS
Nup116,1067,Nup116,952,endo_DSS
Nsp1,623,Nsp1,599,endo_DSS
Nup53,31,Pom152,914,endo_DSS
Nsp1,607,Nsp1,623,endo_DSS
Nup145N,395,Nup157,1189,endo_DSS
Nup53,134,Nup53,128,endo_DSS
Nsp1,623,Nsp1,613,endo_DSS
Nsp1,579,Nsp1,594,endo_DSS
Nup159,1019,Nsp1,547,endo_DSS
Nup159,401,Nup159,155,endo_DSS
Dyn2,63,Nup159,1188,endo_DSS
Nup157,1371,Nup157,1340,endo_DSS
Nsp1,528,Nsp1,521,endo_DSS
Nsp1,300,Nsp1,357,endo_DSS
Nsp1,300,Nsp1,346,endo_DSS
Nup159,1198,Nsp1,599,endo_DSS
Nup159,1198,Nsp1,607,endo_DSS
Nup49,371,Nup49,382,endo_DSS
Nup2,484,Nsp1,395,endo_DSS
Pom152,683,Pom152,661,endo_DSS
Nup49,383,Nup49,371,endo_DSS
Nup192,164,Nup192,43,endo_DSS
Pom152,833,Pom152,881,endo_DSS
Gle1,206,Gle1,196,endo_DSS
Nic96,152,Nup188,1653,endo_DSS
Nup159,717,Nup159,744,endo_DSS
Pom152,799,Pom152,771,endo_DSS
Nup170,1029,Nup170,1144,endo_DSS
Nup116,924,Nup116,951,endo_DSS
Nup116,924,Nup116,901,endo_DSS
Nup59,157,Nup49,463,endo_DSS
Nup49,463,Nic96,61,endo_DSS
Nup159,972,Nup159,992,endo_DSS
Nsp1,189,Nsp1,332,endo_DSS
Nup49,463,Nic96,172,endo_DSS
Gle1,178,Gle1,171,endo_DSS
Gle1,236,Gle1,225,endo_DSS
Nup145N,264,Nup145N,301,endo_DSS
Nup192,568,Nup59,157,endo_DSS
Nsp1,607,Nup57,400,endo_DSS
Nup49,382,Nup57,538,endo_DSS
Gle1,231,Gle1,225,endo_DSS
Gle1,220,Gle1,231,endo_DSS
Nup116,1067,Nup116,951,endo_DSS
Nup159,978,Nup159,999,endo_DSS
Nsp1,607,Nup82,569,endo_DSS
Nsp1,559,Nsp1,540,endo_DSS
Nup133,973,Nup133,976,endo_DSS
Nup145N,394,Nup145N,381,endo_DSS
Nup188,70,Nup116,778,endo_DSS
Nup159,1019,Nup159,999,endo_DSS
Nup188,981,Nup57,471,endo_DSS
Nup59,257,Nup59,214,endo_DSS
Nsp1,313,Nsp1,332,endo_DSS
Nsp1,528,Nsp1,540,endo_DSS
Nup170,547,Nup170,416,endo_DSS
Nup157,522,Nup159,849,endo_DSS
Nsp1,528,Mlp1,821,endo_DSS
Nup170,1122,Nup170,1014,endo_DSS
Nup192,1283,Nup192,1250,endo_DSS
Nsp1,319,Nsp1,332,endo_DSS
Nup159,927,Nup159,918,endo_DSS
Nup159,935,Nup159,927,endo_DSS
Nsp1,607,Nsp1,594,endo_DSS
Nup188,981,Nup57,467,endo_DSS
Nsp1,300,Nsp1,332,endo_DSS
Nsp1,598,Nsp1,599,endo_DSS
Nsp1,376,Nsp1,528,endo_DSS
Nsp1,528,Nsp1,541,endo_DSS
Nsp1,346,Nsp1,332,endo_DSS
Nup159,1143,Dyn2,47,endo_DSS
Nic96,306,Nic96,318,endo_DSS
Nsp1,816,Nup57,538,endo_DSS
Nup159,849,Nup159,830,endo_DSS
Nsp1,574,Nsp1,555,endo_DSS
Nup82,541,Nup82,569,endo_DSS
Nup53,449,Nup53,456,endo_DSS
Nup188,1653,Nic96,167,endo_DSS
Nsp1,816,Nup49,463,endo_DSS
Nup170,566,Nup170,416,endo_DSS
Nup57,471,Nup57,467,endo_DSS
Nsp1,509,Nsp1,502,endo_DSS
Nup53,376,Nup53,390,endo_DSS
Nsp1,816,Nup57,535,endo_DSS
Nsp1,660,Nic96,9,endo_DSS
Pom152,444,Pom152,322,endo_DSS
Gle2,208,Gle2,250,endo_DSS
Nup188,1604,Nup53,93,endo_DSS
Nsp1,484,Nsp1,365,endo_DSS
Nsp1,300,Nsp1,528,endo_DSS
Nsp1,350,Nsp1,369,endo_DSS
Gle1,236,Gle1,226,endo_DSS
Nsp1,607,Nsp1,598,endo_DSS
Nic96,709,Nup157,1274,endo_DSS
Nup159,990,Nup159,999,endo_DSS
Nup170,1144,Nup170,1122,endo_DSS
Nup145C,141,Seh1,198,endo_DSS
Nup157,1229,Nup145N,372,endo_DSS
Nsp1,498,Nsp1,369,endo_DSS
Nup170,1140,Nup170,1122,endo_DSS
Nsp1,357,Nsp1,370,endo_DSS
Nup145N,384,Nup145N,381,endo_DSS
Nup159,918,Nup159,927,endo_DSS
Nup157,962,Nup157,922,endo_DSS
Nup159,502,Nup159,515,endo_DSS
Nup159,552,Nup159,507,endo_DSS
Nup159,865,Nsp1,635,endo_DSS
Nup159,717,Nup159,698,endo_DSS
Nup159,972,Nup159,999,endo_DSS
Nup159,978,Nup159,927,endo_DSS
Seh1,198,Nup145C,141,endo_DSS
Nup188,1610,Nup59,123,endo_DSS
Nup159,1019,Nup159,992,endo_DSS
Nup188,1073,Nup188,1073,endo_DSS
Gle1,248,Gle1,236,endo_DSS
Nup159,1417,Nup159,1414,endo_DSS
Nup159,908,Nup159,927,endo_DSS
Nup133,191,Nup133,239,endo_DSS
Nup159,908,Nup159,849,endo_DSS
Nup82,251,Gle1,48,endo_DSS
Nup85,231,Nup82,622,endo_DSS
Mlp1,663,Ndc1,462,endo_DSS
Nup159,679,Nsp1,190,endo_DSS
Nsp1,338,Nsp1,350,endo_DSS
Nsp1,490,Nsp1,503,endo_DSS
Nsp1,312,Nup1,497,endo_DSS
Nup159,1020,Nup188,875,endo_DSS
Nup159,1447,Nup159,1432,endo_DSS
Nup145N,444,Nup145N,562,endo_DSS
Seh1,201,Nup145C,141,endo_DSS
Nup145C,39,Nup84,676,endo_DSS
Nsp1,594,Nsp1,598,endo_DSS
Nup159,849,Nup159,829,endo_DSS
Nup82,629,Nup159,1343,endo_DSS
Seh1,244,Nup159,1372,endo_DSS
Nup159,1384,Seh1,198,endo_DSS
Nsp1,484,Nsp1,517,endo_DSS
Nup159,840,Nup159,829,endo_DSS
Nsp1,623,Nsp1,555,endo_DSS
Nup159,1397,Nup159,1400,endo_DSS
Nsp1,490,Nsp1,365,endo_DSS
Nsp1,503,Nsp1,300,endo_DSS
Nsp1,312,Nsp1,384,endo_DSS
Nic96,88,Nup49,463,endo_DSS
Pom152,697,Pom152,709,endo_DSS
Nic96,134,Nup145C,309,endo_DSS
Nic96,275,Nic96,378,endo_DSS
Nsp1,717,Nup49,286,endo_DSS
Nup192,210,Mlp1,1086,endo_DSS
Nup116,924,Nup116,943,endo_DSS
Nsp1,338,Nsp1,294,endo_DSS
Nsp1,389,Nsp1,498,endo_DSS
Nup100,760,Nup188,527,endo_DSS
Nup100,769,Nup100,917,endo_DSS
Nsp1,389,Nsp1,528,endo_DSS
Nup145N,436,Nup145N,565,endo_DSS
Nsp1,294,Nsp1,369,endo_DSS
Nic96,543,Nic96,527,endo_DSS
Nsp1,594,Nsp1,509,endo_DSS
Nsp1,350,Nsp1,365,endo_DSS
Nsp1,308,Nsp1,313,endo_DSS
Mlp1,727,Nsp1,338,endo_DSS
Nsp1,740,Nup82,674,endo_DSS
Nsp1,276,Nsp1,579,endo_DSS
Pom152,920,Pom152,985,endo_DSS
Nsp1,207,Nsp1,332,endo_DSS
Nsp1,289,Nsp1,313,endo_DSS
Nsp1,234,Nsp1,300,endo_DSS
Nup116,753,Nic96,9,endo_DSS
Nup159,897,Nup159,908,endo_DSS
Nsp1,740,Nup82,632,endo_DSS
Nup100,653,Nup100,633,endo_DSS
Nsp1,263,Nsp1,395,endo_DSS
Nsp1,234,Nsp1,276,endo_DSS
Nup192,1634,Nup192,1649,endo_DSS
Sec13,2,Nup145C,174,endo_DSS
Nup145N,524,Nup145N,565,endo_DSS
Nup157,922,Nup157,962,endo_DSS
Nup53,200,Nup53,223,endo_DSS
Nup157,360,Nup157,394,endo_DSS
Pom152,704,Pom152,714,endo_DSS
Nup49,295,Nsp1,566,endo_DSS
Nup57,382,Nic96,1,endo_DSS
Nsp1,692,Nup49,331,endo_DSS
Nup188,423,Nup116,852,endo_DSS
Nup116,842,Nup116,2,endo_DSS
Nup192,1627,Nup192,1642,endo_DSS
Ndc1,283,Nup59,498,endo_DSS
Nup159,1367,Seh1,244,endo_DSS
Nsp1,692,Nic96,1,endo_DSS
Nup57,435,Mlp2,1269,endo_DSS
Nup57,435,Nup100,633,endo_DSS
Ndc1,283,Mlp2,918,endo_DSS
Nup170,1173,Pom34,217,endo_DSS
Nup57,435,Nup57,535,endo_DSS
Nup42,392,Gle1,259,endo_DSS
Nup57,435,Nup49,371,endo_DSS
Nup57,435,Nic96,1,endo_DSS
Ndc1,331,Mlp2,734,endo_DSS
Nup49,363,Nup57,423,endo_DSS
Pom34,79,Mlp2,292,endo_DSS
Nup116,924,Nup116,895,endo_DSS
Nic96,16,Nic96,1,endo_DSS
Nup49,463,Nsp1,823,endo_DSS
Nup192,568,Nup59,151,endo_DSS
Nup116,885,Nup116,901,endo_DSS
Nsp1,300,Nsp1,312,endo_DSS
Nup116,897,Nup116,895,endo_DSS
Nup188,1071,Nup188,1071,endo_DSS
Nup170,566,Nup170,419,endo_DSS
Nup100,925,Nup100,930,endo_DSS
Nup59,223,Nup59,214,endo_DSS
Nup188,1604,Nup59,157,endo_DSS
Nup116,1070,Gle1,48,endo_DSS
Nup192,578,Nup57,423,endo_DSS
Nup157,1371,Nsp1,376,endo_DSS
Nsp1,594,Nsp1,613,endo_DSS
Nsp1,623,Nup57,400,endo_DSS
Nsp1,579,Nsp1,574,endo_DSS
Nic96,181,Nic96,172,endo_DSS
Nup192,895,Pom34,278,endo_DSS
Nsp1,376,Nsp1,308,endo_DSS
Pom34,209,Nic96,799,endo_DSS
Nup188,1604,Mlp2,1473,endo_DSS
Nsp1,660,Nup57,307,endo_DSS
Nsp1,263,Nup84,108,endo_DSS
Nup116,952,Nsp1,370,endo_DSS
Nsp1,628,Nsp1,619,endo_DSS
Pom152,870,Pom152,885,endo_DSS
Nsp1,327,Nsp1,346,endo_DSS
Nsp1,555,Nsp1,585,endo_DSS
Nsp1,289,Nsp1,308,endo_DSS
Nsp1,389,Nsp1,370,endo_DSS
Nsp1,498,Nsp1,509,endo_DSS
Nup57,414,Nup57,410,endo_DSS
Nup116,863,Nup116,856,endo_DSS
Nsp1,522,Nsp1,346,endo_DSS
Nsp1,263,Nsp1,294,endo_DSS
Nsp1,528,Nsp1,517,endo_DSS
Nup188,1038,Nup188,990,endo_DSS
Nic96,617,Nup157,1367,endo_DSS
Pom152,444,Pom152,317,endo_DSS
Nup82,692,Nup159,1400,endo_DSS
Nup159,1397,Nup159,1397,endo_DSS
Nup49,463,Nic96,59,endo_DSS
Nup192,1436,Nup188,846,endo_DSS
Nic96,769,Mlp2,640,endo_DSS
Nup157,732,Nup157,736,endo_DSS
Nsp1,598,Nsp1,598,endo_DSS
Nsp1,517,Nsp1,502,endo_DSS
Nic96,188,Nic96,527,endo_DSS
Nup170,1144,Nup170,1014,endo_DSS
Ndc1,313,Ndc1,1,endo_DSS
Nic96,211,Nup170,1014,endo_DSS
Nup53,319,Nup53,284,endo_DSS
Nup192,1649,Nic96,167,endo_DSS
Nup170,508,Nup170,512,endo_DSS
Nic96,166,Nic96,172,endo_DSS
Ndc1,513,Ndc1,339,endo_DSS
Nup170,1046,Nup170,1014,endo_DSS
Nup84,573,Nup84,560,endo_DSS
Nsp1,717,Nsp1,623,endo_DSS
Nup133,856,Nup84,676,endo_DSS
Nup116,770,Nup116,778,endo_DSS
Nup192,891,Nup57,414,endo_DSS
Nic96,292,Nic96,312,endo_DSS
Nup170,547,Nup170,419,endo_DSS
Nsp1,308,Nsp1,313,endo_DSS
Dyn2,63,Nup159,1249,endo_DSS
Nsp1,521,Nsp1,541,endo_DSS
Nup100,801,Nup100,917,endo_DSS
Nup49,463,Nsp1,822,endo_DSS
Nsp1,661,Nic96,9,endo_DSS
Nsp1,607,Nsp1,619,endo_DSS
Nsp1,521,Nsp1,503,endo_DSS
Mlp2,756,Mlp2,749,endo_DSS
Nup170,575,Nup170,139,endo_DSS
Nsp1,692,Nup57,342,endo_DSS
Nic96,188,Nup192,1471,endo_DSS
Ndc1,541,Ndc1,313,endo_DSS
Nup188,1304,Nup188,1297,endo_DSS
Nup145C,284,Nup145C,357,endo_DSS
Nsp1,566,Nsp1,555,endo_DSS
Nsp1,619,Nsp1,607,endo_DSS
Nup82,455,Nsp1,692,endo_DSS
Nup100,769,Nup100,756,endo_DSS
Nup159,963,Nup159,990,endo_DSS
Nup159,526,Nup159,507,endo_DSS
Nup82,168,Nup82,274,endo_DSS
Nsp1,338,Nsp1,327,endo_DSS
Nup159,990,Nup159,1020,endo_DSS
Seh1,236,Seh1,212,endo_DSS
Nup57,471,Nup188,981,endo_DSS
Nup192,1386,Nup192,1425,endo_DSS
Nup188,1638,Nup188,1645,endo_DSS
Nic96,64,Nic96,172,endo_DSS
Nup116,924,Nup116,885,endo_DSS
Nsp1,509,Nsp1,498,endo_DSS
Nup59,257,Nup53,409,endo_DSS
Nup59,257,Nup59,331,endo_DSS
Nup133,904,Nup133,946,endo_DSS
Nup145N,384,Nup157,1194,endo_DSS
Nsp1,607,Nic96,9,endo_DSS
Nup133,544,Nup133,488,endo_DSS
Nsp1,300,Nsp1,350,endo_DSS
Nsp1,566,Nsp1,547,endo_DSS
Nsp1,559,Nsp1,607,endo_DSS
Nup133,253,Nup133,246,endo_DSS
Nup116,897,Nup116,924,endo_DSS
Nup82,675,Nup82,671,endo_DSS
Nsp1,540,Nsp1,521,endo_DSS
Nup188,70,Nup116,772,endo_DSS
Nsp1,692,Nup82,469,endo_DSS
Nup170,1173,Pom34,209,endo_DSS
Nup116,961,Nup116,998,endo_DSS
Dyn2,73,Nup159,1143,endo_DSS
Nup159,48,Nup159,81,endo_DSS
Nup100,876,Nup100,917,endo_DSS
Nup116,842,Nup100,709,endo_DSS
Dyn2,73,Dyn2,12,endo_DSS
Nup84,592,Nup84,625,endo_DSS
Pom152,746,Pom152,720,endo_DSS
Nup116,1029,Nup116,1070,endo_DSS
Nup100,760,Nup100,917,endo_DSS
Nup145N,395,Nup188,527,endo_DSS
Nic96,378,Nic96,446,endo_DSS
Nup59,257,Nic96,211,endo_DSS
Nup100,744,Nup100,760,endo_DSS
Nic96,378,Nic96,266,endo_DSS
Nup145N,455,Nup145N,565,endo_DSS
Nsp1,234,Nsp1,190,endo_DSS
Pom34,209,Nup170,1140,endo_DSS
Nsp1,300,Nsp1,384,endo_DSS
Nsp1,300,Nsp1,338,endo_DSS
Nup100,801,Nup100,914,endo_DSS
Nup188,1000,Nup188,990,endo_DSS
Nup188,1000,Nup188,1035,endo_DSS
Nsp1,795,Nup49,332,endo_DSS
Nup192,1241,Nup192,870,endo_DSS
Nup100,876,Nup100,930,endo_DSS
Nup116,924,Nup116,989,endo_DSS
Nup170,1114,Nup170,1014,endo_DSS
Nup159,978,Nup159,1020,endo_DSS
Nup116,924,Nup116,952,endo_DSS
Nup116,951,Nup116,989,endo_DSS
Nsp1,579,Nsp1,598,endo_DSS
Nup145N,524,Nup145N,562,endo_DSS
Nup145N,395,Nup145N,381,endo_DSS
Nic96,389,Nic96,361,endo_DSS
Nsp1,521,Nsp1,498,endo_DSS
Nsp1,300,Nsp1,327,endo_DSS
Mlp2,1052,Mlp2,432,endo_DSS
Gle1,169,Gle1,171,endo_DSS
Nic96,188,Nic96,543,endo_DSS
Nsp1,692,Mlp2,251,endo_DSS
Nup157,316,Nup157,301,endo_DSS
Nup188,1540,Nup188,1604,endo_DSS
Nup159,1314,Nup53,358,endo_DSS
Nup170,563,Nup1,668,endo_DSS
Nup100,760,Nup116,924,endo_DSS
Nsp1,607,Nup188,70,endo_DSS
Nup145N,444,Nup145N,421,endo_DSS
Nup159,918,Nup159,928,endo_DSS
Pom152,838,Pom152,920,endo_DSS
Nup53,304,Nup53,284,endo_DSS
Sec13,186,Sec13,172,endo_DSS
Nup159,1198,Nsp1,623,endo_DSS
Nup120,206,Nup120,217,endo_DSS
Nup2,245,Nup2,262,endo_DSS
Mlp1,1382,Mlp1,1382,endo_DSS
Nup159,538,Nup159,515,endo_DSS
Nup1,644,Nup1,654,endo_DSS
Nup133,936,Nup84,712,endo_DSS
Nup159,1198,Gle1,134,endo_DSS
Nup53,304,Nup53,366,endo_DSS
Nup2,366,Nup2,383,endo_DSS
Nup2,489,Nup2,471,endo_DSS
Nup159,552,Nup159,526,endo_DSS
Nsp1,234,Nsp1,207,endo_DSS
Nup145C,694,Nup145C,672,endo_DSS
Nsp1,300,Nsp1,661,endo_DSS
Nsp1,509,Nsp1,484,endo_DSS
Nsp1,585,Nup82,541,endo_DSS
Mlp1,1640,Mlp1,1642,endo_DSS
Nup133,488,Nup133,442,endo_DSS
Nup188,423,Nup116,856,endo_DSS
Pom152,328,Pom152,444,endo_DSS
Nsp1,623,Nup57,414,endo_DSS
Nup59,467,Nup53,284,endo_DSS
Nic96,292,Nic96,306,endo_DSS
Nup159,428,Nup159,421,endo_DSS
Nup170,1126,Nic96,211,endo_DSS
Nsp1,484,Nsp1,376,endo_DSS
Nup53,376,Nup53,394,endo_DSS
Nsp1,522,Nsp1,541,endo_DSS
Nup53,366,Nup53,383,endo_DSS
Nup120,943,Nup145C,672,endo_DSS
Nup157,976,Nup170,1475,endo_DSS
Nup157,1371,Nup157,1341,endo_DSS
Nup2,239,Nup2,262,endo_DSS
Nup133,913,Nup133,946,endo_DSS
Nup145C,59,Nup145C,43,endo_DSS
Nup159,158,Nup159,409,endo_DSS
Nsp1,490,Nsp1,376,endo_DSS
Nup59,467,Nup170,512,endo_DSS
Nup192,1425,Nup192,1374,endo_DSS
Nup82,517,Nsp1,623,endo_DSS
Mlp1,71,Mlp1,77,endo_DSS
Nup53,304,Nup53,358,endo_DSS
Nsp1,555,Nsp1,509,endo_DSS
Nic96,188,Nic96,173,endo_DSS
Mlp1,134,Mlp1,126,endo_DSS
Nup53,304,Nup53,383,endo_DSS
Nup100,829,Nup100,836,endo_DSS
Nic96,188,Nic96,211,endo_DSS
Nsp1,816,Nup159,1387,endo_DSS
Nup170,139,Nup170,547,endo_DSS
Nup53,376,Nup53,358,endo_DSS
Nup157,962,Nic96,266,endo_DSS
Nsp1,357,Nsp1,346,endo_DSS
Nup116,852,Nup188,527,endo_DSS
Nup1,588,Nup1,601,endo_DSS
Nsp1,263,Nsp1,300,endo_DSS
Nic96,266,Nic96,517,endo_DSS
Nsp1,566,Nsp1,585,endo_DSS
Nup145C,642,Nup145C,683,endo_DSS
Nup145C,593,Nup145C,683,endo_DSS
Nsp1,509,Nsp1,490,endo_DSS
Nup1,547,Nup1,557,endo_DSS
Gle1,144,Nsp1,607,endo_DSS
Mlp1,327,Mlp1,335,endo_DSS
Nsp1,289,Nsp1,319,endo_DSS
Nic96,446,Nic96,266,endo_DSS
Nsp1,555,Nsp1,528,endo_DSS
Nup100,744,Nup116,852,endo_DSS
Nup82,587,Nup82,580,endo_DSS
Nup100,717,Nup116,856,endo_DSS
Nup145N,258,Nsp1,661,endo_DSS
Seh1,2,Nup85,1,endo_DSS
Nup60,415,Nup60,435,endo_DSS
Nsp1,585,Nsp1,613,endo_DSS
Nup1,552,Nup1,568,endo_DSS
Nsp1,350,Nsp1,338,endo_DSS
Nup2,509,Nup2,504,endo_DSS
Nic96,166,Nic96,173,endo_DSS
Nup145N,394,Nup157,1189,endo_DSS
Nup53,376,Nic96,799,endo_DSS
Nup159,918,Nup159,902,endo_DSS
Gle1,144,Nsp1,599,endo_DSS
Nup1,557,Nup1,568,endo_DSS
Nsp1,522,Nsp1,574,endo_DSS
Pom34,245,Pom34,278,endo_DSS
Nup2,62,Nup2,51,endo_DSS
Nup188,1604,Nup59,151,endo_DSS
Pom152,848,Pom152,881,endo_DSS
Nsp1,308,Nsp1,294,endo_DSS
Nic96,543,Nic96,173,endo_DSS
Nup53,376,Nup53,319,endo_DSS
Nsp1,313,Sec13,252,endo_DSS
Nup159,1397,Nup159,1387,endo_DSS
Mlp1,153,Mlp1,146,endo_DSS
Nup85,231,Nup85,2,endo_DSS
Nup82,517,Nup159,1191,endo_DSS
Nsp1,623,Nsp1,585,endo_DSS
Nup60,350,Nup60,363,endo_DSS
Pom152,62,Pom152,62,endo_DSS
Seh1,212,Nup85,2,endo_DSS
Nup84,23,Nup84,14,endo_DSS
Nup145N,384,Nup157,1189,endo_DSS
Nup145C,39,Nup85,2,endo_DSS
Gle1,144,Nsp1,613,endo_DSS
Nsp1,816,Nup159,1384,endo_DSS
Pom152,311,Pom152,322,endo_DSS
Nup1,619,Nup1,601,endo_DSS
Nup82,649,Nup85,2,endo_DSS
Nup188,1133,Nup188,1178,endo_DSS
Nsp1,816,Nup159,1301,endo_DSS
Nup170,548,Nup170,419,endo_DSS
Nup145C,48,Nup145C,39,endo_DSS
Gle1,115,Nsp1,613,endo_DSS
Mlp1,1506,Mlp1,1508,endo_DSS
Nsp1,313,Nsp1,308,endo_DSS
Nsp1,276,Nsp1,300,endo_DSS
Nup145N,394,Nup145N,421,endo_DSS
Nup145C,694,Nup145C,649,endo_DSS
Seh1,207,Nup85,2,endo_DSS
Nup145C,183,Sec13,282,endo_DSS
Gle1,144,Nsp1,585,endo_DSS
Mlp1,124,Mlp1,126,endo_DSS
Nup170,1140,Nic96,211,endo_DSS
Nup100,628,Nsp1,661,endo_DSS
Nup53,174,Nic96,258,endo_DSS
Nup84,544,Nup84,670,endo_DSS
Nup84,459,Nup84,20,endo_DSS
Nsp1,313,Nsp1,294,endo_DSS
Nsp1,628,Nsp1,613,endo_DSS
Nsp1,319,Nsp1,308,endo_DSS
Ndc1,313,Nup170,1014,endo_DSS
Nsp1,376,Nsp1,490,endo_DSS
Mlp1,126,Mlp1,135,endo_DSS
Nup157,522,Nup157,533,endo_DSS
Mlp2,194,Mlp2,201,endo_DSS
Nup145N,384,Nup145N,372,endo_DSS
Nsp1,234,Nsp1,313,endo_DSS
Nup100,717,Nup100,733,endo_DSS
Nsp1,585,Nup57,400,endo_DSS
Nup159,538,Nup159,507,endo_DSS
Nsp1,613,Nup57,400,endo_DSS
Nup192,961,Nup49,332,endo_DSS
Nup57,382,Nup116,772,endo_DSS
Nup60,358,Nup60,365,endo_DSS
Nup188,1610,Nup188,1638,endo_DSS
Nup116,1067,Nup159,1460,endo_DSS
Nup60,254,Nup60,262,endo_DSS
Pom34,245,Nup170,1014,endo_DSS
Nsp1,536,Nsp1,522,endo_DSS
Nup159,1417,Nup159,1417,endo_DSS
Nup60,254,Nup60,235,endo_DSS
Nup159,1198,Nsp1,585,endo_DSS
Nup49,463,Nic96,173,endo_DSS
Nup170,563,Nup170,419,endo_DSS
Sec13,282,Nup145C,437,endo_DSS
Mlp1,1713,Mlp1,1720,endo_DSS
Nic96,306,Nup53,383,endo_DSS
Nup82,541,Nsp1,574,endo_DSS
Nup145C,43,Nup85,2,endo_DSS
Nsp1,607,Nsp1,574,endo_DSS
Nsp1,594,Nsp1,574,endo_DSS
Nup159,1198,Nsp1,594,endo_DSS
Nsp1,479,Nsp1,484,endo_DSS
Nsp1,509,Nsp1,376,endo_DSS
Nup53,409,Nup53,423,endo_DSS
Nup49,327,Nic96,9,endo_DSS
Sec13,244,Nup145C,437,endo_DSS
Nup116,842,Nup116,856,endo_DSS
Nup188,1297,Nup188,1304,endo_DSS
Nup49,317,Nic96,9,endo_DSS
Nsp1,559,Nsp1,585,endo_DSS
Nup53,415,Nup53,423,endo_DSS
Nup84,602,Nup84,544,endo_DSS
Nup157,976,Nup157,1000,endo_DSS
Mlp1,1021,Mlp1,1015,endo_DSS
Seh1,40,Nup145C,43,endo_DSS
Nup145C,257,Nup145C,437,endo_DSS
Nup2,466,Nup2,471,endo_DSS
Nsp1,376,Nsp1,346,endo_DSS
Nup145N,258,Nic96,9,endo_DSS
Nup53,366,Nup53,319,endo_DSS
Nsp1,522,Nsp1,517,endo_DSS
Nup157,325,Nup157,301,endo_DSS
Nsp1,509,Nsp1,574,endo_DSS
Nsp1,338,Nsp1,313,endo_DSS
Nsp1,319,Nsp1,346,endo_DSS
Nup2,136,Nup60,529,endo_DSS
Nup116,885,Nup188,1178,endo_DSS
Nsp1,574,Nsp1,613,endo_DSS
Nup192,53,Nup116,772,endo_DSS
Nup170,977,Nup170,1014,endo_DSS
Nup170,548,Nup170,416,endo_DSS
Nup1,394,Nup1,389,endo_DSS
Nup1,619,Nup1,633,endo_DSS
Nup133,171,Nup133,191,endo_DSS
Nup157,1224,Nup157,1274,endo_DSS
Nup59,467,Nup53,399,endo_DSS
Nup145C,91,Nup145C,39,endo_DSS
Nup116,770,Nup57,382,endo_DSS
Nup1,552,Nup1,530,endo_DSS
Nup116,770,Nup116,777,endo_DSS
Nsp1,661,Nsp1,613,endo_DSS
Nup49,317,Nic96,16,endo_DSS
Nup170,374,Nup170,419,endo_DSS
Nup53,390,Nup53,319,endo_DSS
Nup100,665,Nup100,671,endo_DSS
Nsp1,234,Nsp1,294,endo_DSS
Nsp1,357,Nsp1,376,endo_DSS
Nsp1,289,Nsp1,308,endo_DSS
Nup2,260,Nup2,239,endo_DSS
Nsp1,234,Nsp1,289,endo_DSS
Nup170,818,Nup170,1014,endo_DSS
Nup145C,59,Nup145C,39,endo_DSS
Sec13,288,Sec13,249,endo_DSS
Nup188,1540,Nup59,151,endo_DSS
Nup53,376,Nup53,288,endo_DSS
Gle1,213,Gle1,196,endo_DSS
Nup170,416,Nup170,512,endo_DSS
Nup1,248,Nup1,239,endo_DSS
Nup53,376,Nup53,284,endo_DSS
Nup157,316,Pom34,48,endo_DSS
Mlp1,1529,Mlp1,1539,endo_DSS
Pom152,328,Pom152,317,endo_DSS
Mlp1,49,Mlp1,57,endo_DSS
Mlp1,1009,Mlp1,1021,endo_DSS
Nup82,671,Nup145C,168,endo_DSS
Mlp1,551,Mlp1,559,endo_DSS
Nsp1,189,Nsp1,503,endo_DSS
Nic96,188,Nic96,167,endo_DSS
Nsp1,263,Nsp1,227,endo_DSS
Sec13,2,Nup145C,163,endo_DSS
Nup157,1085,Nup145N,301,endo_DSS
Nic96,211,Nup170,1144,endo_DSS
Nup53,415,Nup53,406,endo_DSS
Nup157,522,Nup157,405,endo_DSS
Nup53,226,Nup53,319,endo_DSS
Nup82,409,Nup82,355,endo_DSS
Nup53,383,Nup53,284,endo_DSS
Seh1,108,Seh1,79,endo_DSS
Mlp1,973,Mlp1,968,endo_DSS
Nup145C,163,Nup145C,174,endo_DSS
Sec13,277,Sec13,249,endo_DSS
Mlp1,274,Mlp1,263,endo_DSS
Nup53,409,Nup53,394,endo_DSS
Nup159,823,Nup159,830,endo_DSS
Mlp1,1382,Mlp1,1395,endo_DSS
Nup2,136,Nup2,150,endo_DSS
Nup53,304,Nup53,288,endo_DSS
Nup53,319,Nup53,288,endo_DSS
Pom152,363,Pom152,308,endo_DSS
Nup159,1387,Nup159,1372,endo_DSS
Nup145C,694,Nup145C,681,endo_DSS
Nup100,932,Nup100,925,endo_DSS
Nup116,885,Nup116,852,endo_DSS
Pom152,833,Pom152,914,endo_DSS
Nup145N,258,Nup49,317,endo_DSS
Sec13,65,Nup145C,509,endo_DSS
Nup170,139,Nup170,566,endo_DSS
Nup159,1387,Nup159,1387,endo_DSS
Nup1,430,Nup1,423,endo_DSS
Nup1,296,Nup1,283,endo_DSS
Nup145C,39,Nup145C,168,endo_DSS
Mlp1,1015,Mlp1,1021,endo_DSS
Nup116,796,Nup116,810,endo_DSS
Nup120,735,Nup120,412,endo_DSS
Nup159,1384,Nup159,1397,endo_DSS
Nup145C,593,Nup145C,694,endo_DSS
Pom152,563,Pom152,766,endo_DSS
Nup145N,436,Nup145N,421,endo_DSS
Gle1,144,Nsp1,574,endo_DSS
Nup60,391,Nup60,385,endo_DSS
Pom34,48,Nup157,325,endo_DSS
Nup116,822,Nup116,814,endo_DSS
Nup1,595,Nup1,601,endo_DSS
Nup59,209,Nup59,223,endo_DSS
Nup49,371,Nup57,535,endo_DSS
Nup57,389,Nup57,400,endo_DSS
Nup57,342,Nic96,9,endo_DSS
Nup157,527,Nup157,405,endo_DSS
Dyn2,12,Dyn2,21,endo_DSS
Nsp1,528,Nsp1,395,endo_DSS
Mlp1,1539,Mlp1,1529,endo_DSS
Nsp1,503,Nsp1,509,endo_DSS
Nup53,390,Nup53,284,endo_DSS
Nup59,209,Nup59,214,endo_DSS
Sec13,244,Sec13,288,endo_DSS
Nsp1,816,Nup159,1343,endo_DSS
Nup59,467,Nup59,475,endo_DSS
Nup60,463,Nup60,476,endo_DSS
Nup1,481,Nup1,493,endo_DSS
Nsp1,547,Nsp1,528,endo_DSS
Nup53,319,Nup53,394,endo_DSS
Nic96,68,Nic96,61,endo_DSS
Sec13,282,Nup145C,174,endo_DSS
Nsp1,338,Nsp1,300,endo_DSS
Nup1,248,Nup1,283,endo_DSS
Nsp1,327,Nsp1,350,endo_DSS
Nsp1,555,Nsp1,540,endo_DSS
Pom152,683,Pom152,720,endo_DSS
Pom34,48,Nup157,405,endo_DSS
Nsp1,263,Nsp1,289,endo_DSS
Nup49,286,Nsp1,613,endo_DSS
Nup145N,258,Nup145N,301,endo_DSS
Nsp1,338,Nsp1,365,endo_DSS
Mlp1,913,Mlp1,907,endo_DSS
Nup53,319,Nup53,287,endo_DSS
Nup159,1384,Nup159,1384,endo_DSS
Nup192,1642,Nup192,1652,endo_DSS
Nup53,366,Nup53,284,endo_DSS
Nsp1,289,Nsp1,312,endo_DSS
Nup53,366,Nup53,394,endo_DSS
Mlp2,1387,Mlp2,1394,endo_DSS
Nup120,943,Nup145C,681,endo_DSS
Nup192,1425,Nup188,684,endo_DSS
Mlp1,875,Mlp1,877,endo_DSS
Nup170,818,Nup170,831,endo_DSS
Nup53,376,Nup53,406,endo_DSS
Nup145C,183,Nup145C,174,endo_DSS
Nup145C,67,Nup145C,43,endo_DSS
Nup145C,593,Nup145C,509,endo_DSS
Nic96,517,Nic96,526,endo_DSS
Nup159,409,Nup159,421,endo_DSS
Nsp1,327,Nsp1,313,endo_DSS
Nup170,563,Nup170,416,endo_DSS
Nsp1,484,Nsp1,502,endo_DSS
Pom152,311,Pom152,321,endo_DSS
Nup53,366,Nup53,288,endo_DSS
Nup57,471,Nup188,1035,endo_DSS
Mlp1,135,Mlp1,126,endo_DSS
Nsp1,574,Nsp1,541,endo_DSS
Mlp1,135,Mlp1,146,endo_DSS
Nup188,869,Nup192,1369,endo_DSS
Nup53,358,Nup53,383,endo_DSS
Nup2,235,Nup2,239,endo_DSS
Nup53,383,Nup53,394,endo_DSS
Nup157,40,Nup157,56,endo_DSS
Nup145C,39,Nup85,163,endo_DSS
Nup2,710,Nup2,702,endo_DSS
Nup57,471,Nup100,671,endo_DSS
Pom152,72,Nup157,736,endo_DSS
Nup188,1052,Nup188,1048,endo_DSS
Nup120,972,Nup85,734,endo_DSS
Nup84,670,Nup84,679,endo_DSS
Mlp1,221,Mlp1,231,endo_DSS
Mlp1,261,Mlp1,263,endo_DSS
Nup145C,437,Nup145C,174,endo_DSS
Nup53,406,Nup53,394,endo_DSS
Nup133,278,Nup133,239,endo_DSS
Nup116,852,Nup188,525,endo_DSS
Sec13,288,Nup145C,437,endo_DSS
Mlp1,1583,Mlp1,1578,endo_DSS
Pom152,62,Pom152,81,endo_DSS
Nsp1,816,Nic96,61,endo_DSS
Nup60,236,Nup60,212,endo_DSS
Nup82,361,Nup82,129,endo_DSS
Mlp1,1673,Mlp1,1661,endo_DSS
Mlp1,345,Mlp1,353,endo_DSS
Nup2,62,Nup2,94,endo_DSS
Nsp1,319,Nsp1,294,endo_DSS
Mlp2,1369,Mlp2,1355,endo_DSS
Nup53,226,Nic96,211,endo_DSS
Nup1,653,Nup1,668,endo_DSS
Mlp1,627,Mlp1,334,endo_DSS
Nsp1,599,Nup57,400,endo_DSS
Mlp1,871,Mlp1,877,endo_DSS
Nsp1,357,Nsp1,332,endo_DSS
Nup100,849,Nup100,801,endo_DSS
Mlp2,1410,Mlp2,1405,endo_DSS
Mlp2,1417,Mlp2,1409,endo_DSS
Mlp2,1269,Mlp2,1256,endo_DSS
Nup53,223,Nup53,319,endo_DSS
Nup1,724,Nup1,693,endo_DSS
Mlp1,1696,Mlp1,1716,endo_DSS
Mlp1,678,Mlp1,683,endo_DSS
Nup57,508,Nic96,9,endo_DSS
Mlp2,1355,Mlp2,1410,endo_DSS
Nup60,151,Nup60,151,endo_DSS
Mlp1,1589,Mlp1,1578,endo_DSS
Mlp1,269,Mlp1,261,endo_DSS
Nup2,145,Nup2,153,endo_DSS
Nup100,639,Nup192,1369,endo_DSS
Nup100,628,Nic96,9,endo_DSS
Mlp2,443,Mlp2,432,endo_DSS
Mlp2,1355,Mlp2,1338,endo_DSS
Nup159,420,Nup159,155,endo_DSS
Mlp1,777,Mlp1,683,endo_DSS
Mlp2,1199,Mlp2,1193,endo_DSS
Mlp2,1251,Mlp2,1256,endo_DSS
Mlp1,764,Mlp1,231,endo_DSS
Mlp1,777,Mlp2,749,endo_DSS
Mlp1,1507,Mlp1,1508,endo_DSS
Mlp2,1651,Mlp2,1668,endo_DSS
Nup116,1070,Nup116,951,endo_DSS
Mlp1,274,Mlp2,1131,endo_DSS
Mlp2,539,Mlp2,549,endo_DSS
Mlp1,327,Mlp1,353,endo_DSS
Mlp1,1598,Mlp1,1587,endo_DSS
Nup188,981,Nic96,9,endo_DSS
Mlp1,1642,Mlp1,1578,endo_DSS
Nup116,822,Nup116,810,endo_DSS
Mlp2,1251,Mlp2,1251,endo_DSS
Mlp1,1276,Mlp1,988,endo_DSS
Mlp1,545,Mlp1,551,endo_DSS
Mlp1,1587,Mlp1,1578,endo_DSS
Mlp1,563,Mlp1,568,endo_DSS
Mlp1,573,Mlp1,559,endo_DSS
Nup60,415,Nup60,365,endo_DSS
Mlp2,913,Mlp2,920,endo_DSS
Mlp1,1479,Mlp1,1477,endo_DSS
Mlp2,1427,Mlp2,1434,endo_DSS
Nup192,567,Nup192,578,endo_DSS
Mlp1,1479,Mlp1,1474,endo_DSS
Mlp1,359,Mlp1,351,endo_DSS
Mlp1,353,Mlp1,334,endo_DSS
Mlp1,353,Mlp1,395,endo_DSS
Pom152,781,Pom152,766,endo_DSS
Mlp1,887,Mlp1,875,endo_DSS
Nsp1,346,Nsp1,369,endo_DSS
Nup1,296,Nup188,48,endo_DSS
Mlp1,757,Mlp1,764,endo_DSS
Mlp1,727,Mlp1,739,endo_DSS
Mlp1,327,Mlp1,327,endo_DSS
Mlp2,1387,Mlp2,1370,endo_DSS
Mlp1,126,Mlp1,124,endo_DSS
Mlp1,462,Mlp1,454,endo_DSS
Mlp2,714,Mlp2,725,endo_DSS
Mlp1,1009,Mlp1,1015,endo_DSS
Mlp1,115,Mlp1,124,endo_DSS
Mlp1,1486,Mlp1,1479,endo_DSS
Mlp2,862,Mlp2,879,endo_DSS
Mlp1,1160,Mlp1,1169,endo_DSS
Mlp1,704,Mlp1,263,endo_DSS
Mlp1,1382,Mlp1,221,endo_DSS
Mlp2,734,Mlp2,725,endo_DSS
Nup57,529,Nic96,9,endo_DSS
Mlp1,381,Mlp1,390,endo_DSS
Ndc1,541,Nup170,1014,endo_DSS
Mlp1,1640,Mlp1,1716,endo_DSS
Mlp1,694,Mlp1,683,endo_DSS
Mlp1,913,Mlp1,911,endo_DSS
Mlp1,792,Mlp1,767,endo_DSS
Mlp2,722,Mlp2,725,endo_DSS
Mlp1,672,Mlp1,678,endo_DSS
Nup100,910,Nup100,930,endo_DSS
Mlp1,1809,Mlp1,1811,endo_DSS
Mlp2,862,Mlp2,852,endo_DSS
Mlp2,201,Mlp2,201,endo_DSS
Nup2,615,Nup2,698,endo_DSS
Mlp1,956,Mlp1,1539,endo_DSS
Nsp1,517,Nsp1,528,endo_DSS
Mlp2,546,Mlp2,553,endo_DSS
Mlp1,973,Mlp1,962,endo_DSS
Nup116,1063,Nup116,1086,endo_DSS
Nup53,390,Nup53,399,endo_DSS
Nup57,529,Nic96,1,endo_DSS
Nup188,1070,Nup188,1073,endo_DSS
Nic96,9,Nup49,332,endo_DSS
Nup53,409,Nup53,399,endo_DSS
Nup188,1638,Nic96,1,endo_DSS
Nsp1,822,Nup57,538,endo_DSS
Mlp2,1117,Mlp2,1122,endo_DSS
Nup159,1460,Nup82,355,endo_DSS
Mlp1,1096,Mlp1,1169,endo_DSS
Mlp2,33,Mlp2,26,endo_DSS
Mlp1,1382,Mlp1,1696,endo_DSS
Nup60,447,Nup60,425,endo_DSS
Mlp1,1751,Mlp1,1696,endo_DSS
Nup60,447,Nup60,415,endo_DSS
Nup1,296,Nup100,717,endo_DSS
Mlp1,847,Mlp1,853,endo_DSS
Nup82,455,Nup82,413,endo_DSS
Mlp1,1673,Mlp1,1664,endo_DSS
Mlp1,231,Mlp1,221,endo_DSS
Mlp1,1696,Mlp1,1664,endo_DSS
Mlp1,1696,Mlp1,1673,endo_DSS
Mlp1,1696,Mlp1,1640,endo_DSS
Mlp1,1640,Mlp1,1648,endo_DSS
Nup1,411,Nup1,430,endo_DSS
Mlp1,853,Mlp1,126,endo_DSS
Mlp2,1417,Mlp2,1410,endo_DSS
Mlp1,1640,Mlp1,1578,endo_DSS
Nup2,453,Nup2,471,endo_DSS
Nup53,200,Nup53,226,endo_DSS
Mlp2,1475,Mlp2,1469,endo_DSS
Mlp1,345,Mlp1,327,endo_DSS
Mlp1,1640,Mlp1,1641,endo_DSS
Mlp2,1251,Mlp2,1260,endo_DSS
Mlp1,1382,Mlp1,1664,endo_DSS
Nup53,174,Nic96,292,endo_DSS
Nup2,409,Nup2,383,endo_DSS
Mlp2,323,Mlp2,330,endo_DSS
Nup100,733,Nup100,717,endo_DSS
Mlp1,739,Mlp2,201,endo_DSS
Mlp2,406,Mlp2,410,endo_DSS
Mlp2,410,Mlp2,406,endo_DSS
Nup2,136,Nup2,62,endo_DSS
Mlp1,1268,Mlp1,1276,endo_DSS
Mlp2,563,Mlp2,553,endo_DSS
Mlp1,1751,Mlp1,1673,endo_DSS
Mlp1,126,Mlp1,126,endo_DSS
Mlp1,1696,Mlp1,1648,endo_DSS
Mlp1,475,Mlp1,559,endo_DSS
Mlp1,115,Mlp1,126,endo_DSS
Mlp1,1539,Mlp1,1547,endo_DSS
Mlp1,1507,Mlp1,1506,endo_DSS
Mlp1,704,Mlp1,221,endo_DSS
Mlp2,122,Mlp2,103,endo_DSS
Mlp1,359,Mlp1,391,endo_DSS
Mlp2,1036,Mlp2,1034,endo_DSS
Pom152,683,Pom152,774,endo_DSS
Mlp1,847,Mlp1,852,endo_DSS
Mlp1,1539,Mlp1,1548,endo_DSS
Mlp2,926,Mlp2,920,endo_DSS
Nup116,885,Nup116,1067,endo_DSS
Mlp1,753,Mlp1,764,endo_DSS
Mlp1,135,Mlp1,134,endo_DSS
Mlp1,1382,Mlp1,153,endo_DSS
Nup60,385,Nup60,365,endo_DSS
Nup60,425,Nup60,463,endo_DSS
Mlp1,583,Mlp1,568,endo_DSS
Nup116,885,Nup116,863,endo_DSS
Mlp2,1427,Mlp2,1410,endo_DSS
Mlp2,852,Mlp2,856,endo_DSS
Nup60,415,Nup60,442,endo_DSS
Mlp1,704,Mlp1,269,endo_DSS
Mlp1,126,Mlp1,134,endo_DSS
Mlp1,704,Mlp1,764,endo_DSS
Nsp1,607,Nsp1,661,endo_DSS
Mlp1,590,Mlp1,454,endo_DSS
Mlp1,753,Mlp1,221,endo_DSS
Mlp2,600,Mlp2,406,endo_DSS
Nup2,228,Nup2,239,endo_DSS
Mlp1,221,Mlp1,764,endo_DSS
Nup60,329,Nup60,350,endo_DSS
Nup157,1368,Nup157,1340,endo_DSS
Mlp1,865,Mlp1,968,endo_DSS
Mlp1,1696,Mlp1,1578,endo_DSS
Mlp1,704,Mlp1,767,endo_DSS
Mlp2,546,Mlp2,539,endo_DSS
Mlp1,1382,Mlp1,1009,endo_DSS
Mlp2,852,Mlp2,858,endo_DSS
Mlp2,251,Mlp2,259,endo_DSS
Nup57,489,Nic96,9,endo_DSS
Nup57,529,Nup49,327,endo_DSS
Nup157,553,Nup157,56,endo_DSS
Mlp2,663,Mlp1,683,endo_DSS
Mlp1,1196,Mlp1,1188,endo_DSS
Nup1,581,Nup1,601,endo_DSS
Mlp2,1427,Mlp2,1433,endo_DSS
Nup53,319,Nup53,383,endo_DSS
Mlp2,1369,Mlp2,1389,endo_DSS
Mlp1,1751,Mlp1,1744,endo_DSS
Mlp2,756,Mlp2,748,endo_DSS
Nup170,1209,Nic96,167,endo_DSS
Mlp1,777,Mlp1,767,endo_DSS
Nup60,415,Nup60,463,endo_DSS
Nic96,157,Nic96,167,endo_DSS
Mlp2,181,Mlp1,764,endo_DSS
Mlp1,1587,Mlp1,1598,endo_DSS
Mlp1,359,Mlp1,353,endo_DSS
Mlp2,1271,Mlp2,1269,endo_DSS
Mlp1,1472,Mlp1,1477,endo_DSS
Nup82,617,Nup82,622,endo_DSS
Mlp1,1794,Mlp1,1809,endo_DSS
Mlp1,1174,Mlp1,1169,endo_DSS
Mlp2,1240,Mlp2,1251,endo_DSS
Mlp1,1382,Mlp1,1529,endo_DSS
Mlp2,1260,Mlp2,1269,endo_DSS
Mlp1,1794,Mlp1,1811,endo_DSS
Mlp1,583,Mlp1,559,endo_DSS
Mlp1,672,Mlp1,877,endo_DSS
Mlp1,672,Mlp1,683,endo_DSS
Mlp1,335,Mlp1,334,endo_DSS
Mlp1,1794,Mlp1,1736,endo_DSS
Mlp1,772,Mlp1,764,endo_DSS
Mlp1,1021,Mlp1,683,endo_DSS
Mlp1,672,Mlp2,647,endo_DSS
Mlp2,926,Mlp2,932,endo_DSS
Mlp2,926,Mlp2,931,endo_DSS
Mlp1,739,Mlp1,1068,endo_DSS
Nsp1,555,Nsp1,613,endo_DSS
Mlp1,545,Mlp1,559,endo_DSS
Nsp1,579,Nsp1,585,endo_DSS
Mlp1,1465,Mlp1,1472,endo_DSS
Mlp1,1542,Mlp1,1539,endo_DSS
Mlp1,1508,Mlp1,1506,endo_DSS
Nup157,1384,Nup157,1391,endo_DSS
Mlp2,181,Mlp2,189,endo_DSS
Mlp2,546,Mlp2,560,endo_DSS
Mlp2,1651,Mlp2,1666,endo_DSS
Nup2,682,Nup2,624,endo_DSS
Mlp1,462,Mlp1,568,endo_DSS
Nup53,383,Nup53,399,endo_DSS
Mlp2,663,Mlp2,653,endo_DSS
Mlp1,327,Mlp1,359,endo_DSS
Mlp1,1794,Mlp1,1716,endo_DSS
Mlp1,1589,Mlp1,1583,endo_DSS
Mlp1,221,Mlp1,772,endo_DSS
Mlp2,1177,Mlp2,1188,endo_DSS
Mlp1,1344,Mlp1,1276,endo_DSS
Mlp1,1547,Mlp1,1542,endo_DSS
Mlp2,825,Mlp2,827,endo_DSS
Mlp2,600,Mlp2,417,endo_DSS
Mlp1,881,Mlp1,881,endo_DSS
Nsp1,607,Nup188,981,endo_DSS
Nup192,1425,Nup188,732,endo_DSS
Pom152,90,Pom152,72,endo_DSS
Nup157,1229,Nup157,1391,endo_DSS
Nup1,581,Nup1,557,endo_DSS
Mlp1,1474,Mlp1,1472,endo_DSS
Nic96,446,Nic96,526,endo_DSS
Mlp1,1548,Mlp1,1539,endo_DSS
Nup53,390,Nup53,406,endo_DSS
Mlp2,292,Mlp2,301,endo_DSS
Nup2,635,Nup2,639,endo_DSS
Nup116,814,Nup116,798,endo_DSS
Mlp2,430,Mlp2,432,endo_DSS
Mlp1,1262,Mlp1,1268,endo_DSS
Nup2,145,Nup2,62,endo_DSS
Mlp2,1320,Mlp2,1370,endo_DSS
Mlp2,1376,Mlp2,1369,endo_DSS
Mlp2,766,Mlp2,749,endo_DSS
Mlp1,1174,Mlp1,777,endo_DSS
Mlp2,1427,Mlp2,1427,endo_DSS
Mlp1,611,Mlp1,633,endo_DSS
Mlp1,1466,Mlp1,1477,endo_DSS
Mlp1,1328,Mlp1,1276,endo_DSS
Mlp1,1794,Mlp1,1827,endo_DSS
Nup157,696,Nup157,678,endo_DSS
Mlp2,1651,Mlp1,1382,endo_DSS
Mlp1,1520,Mlp1,1506,endo_DSS
Mlp2,1387,Mlp2,1389,endo_DSS
Nup157,329,Nup157,301,endo_DSS
Mlp1,115,Mlp1,113,endo_DSS
Mlp1,704,Mlp1,727,endo_DSS
Mlp1,449,Mlp1,454,endo_DSS
Mlp1,808,Mlp1,803,endo_DSS
Nup116,895,Nup116,1067,endo_DSS
Mlp1,704,Mlp1,777,endo_DSS
Mlp1,1382,Mlp1,559,endo_DSS
Mlp1,865,Mlp1,875,endo_DSS
Nup2,239,Nup2,235,endo_DSS
Mlp2,539,Mlp2,560,endo_DSS
Mlp1,1564,Mlp1,1587,endo_DSS
Mlp1,1382,Mlp1,1578,endo_DSS
Nic96,188,Nic96,172,endo_DSS
Mlp1,753,Mlp1,767,endo_DSS
Mlp1,353,Mlp1,359,endo_DSS
Gle1,231,Gle1,238,endo_DSS
Nup116,915,Nup116,895,endo_DSS
Mlp1,820,Mlp1,826,endo_DSS
Nup116,777,Nup116,772,endo_DSS
Mlp1,105,Mlp1,113,endo_DSS
Mlp1,1713,Mlp1,1673,endo_DSS
Mlp2,1475,Mlp2,1485,endo_DSS
Mlp1,772,Mlp1,777,endo_DSS
Mlp2,1340,Mlp2,1338,endo_DSS
Nup145N,258,Nup49,463,endo_DSS
Mlp1,1486,Mlp1,1477,endo_DSS
Nup53,423,Nup53,399,endo_DSS
Mlp2,63,Mlp2,61,endo_DSS
Mlp1,987,Mlp1,998,endo_DSS
Mlp1,590,Mlp1,559,endo_DSS
Mlp2,926,Mlp2,1256,endo_DSS
Nup1,481,Nup1,557,endo_DSS
Mlp1,1578,Mlp1,1642,endo_DSS
Mlp1,1248,Mlp1,1236,endo_DSS
Mlp1,704,Mlp1,261,endo_DSS
Mlp2,1475,Mlp2,1473,endo_DSS
Nup159,818,Nup159,829,endo_DSS
Nup59,257,Nup59,336,endo_DSS
Mlp1,741,Mlp1,803,endo_DSS
Mlp1,753,Mlp1,777,endo_DSS
Mlp1,1744,Mlp1,1716,endo_DSS
Nup116,1067,Nup116,901,endo_DSS
Mlp2,1394,Mlp2,1370,endo_DSS
Mlp1,672,Mlp2,251,endo_DSS
Pom152,328,Pom152,321,endo_DSS
Nup53,366,Nup53,390,endo_DSS
Mlp1,1794,Mlp1,1810,endo_DSS
Mlp1,1681,Mlp1,1696,endo_DSS
Mlp1,1720,Mlp1,1696,endo_DSS
Mlp1,1096,Mlp1,1174,endo_DSS
Nup60,463,Nup60,442,endo_DSS
Nup53,351,Nup53,358,endo_DSS
Mlp1,1382,Mlp1,1248,endo_DSS
Mlp1,216,Mlp1,221,endo_DSS
Mlp1,1382,Mlp1,1640,endo_DSS
Mlp1,77,Mlp1,77,endo_DSS
Nup120,431,Nup133,191,endo_DSS
Mlp2,152,Mlp2,164,endo_DSS
Nup49,286,Nsp1,628,endo_DSS
Mlp1,808,Mlp1,820,endo_DSS
Mlp1,1248,Mlp1,1382,endo_DSS
Nup188,1168,Nup188,605,endo_DSS
Nup84,676,Mlp1,454,endo_DSS
Mlp2,1370,Mlp2,1389,endo_DSS
Mlp1,82,Mlp1,71,endo_DSS
Nup157,329,Nup157,316,endo_DSS
Nup170,385,Nup53,435,endo_DSS
Nup157,329,Nup157,360,endo_DSS
Pom152,90,Pom152,62,endo_DSS
Mlp1,704,Mlp2,242,endo_DSS
Mlp1,943,Mlp1,949,endo_DSS
Nup60,463,Nup60,440,endo_DSS
Mlp1,1713,Mlp1,1664,endo_DSS
Mlp1,1344,Mlp1,1361,endo_DSS
Mlp1,71,Mlp1,82,endo_DSS
Nup170,490,Nup170,946,endo_DSS
Nup116,885,Nup116,856,endo_DSS
Nup57,535,Nup49,382,endo_DSS
Mlp1,757,Mlp1,221,endo_DSS
Nsp1,509,Nsp1,528,endo_DSS
Mlp2,1177,Mlp2,1168,endo_DSS
Nup170,818,Nup53,435,endo_DSS
Mlp1,739,Mlp1,221,endo_DSS
Mlp1,1751,Mlp1,1713,endo_DSS
Nup60,236,Seh1,100,endo_DSS
Mlp2,879,Mlp2,858,endo_DSS
Mlp1,216,Mlp1,764,endo_DSS
Mlp1,753,Mlp1,739,endo_DSS
Mlp1,1736,Mlp1,1751,endo_DSS
Nup1,248,Nup1,288,endo_DSS
Nup188,875,Nup192,1374,endo_DSS
Mlp1,314,Mlp1,353,endo_DSS
Nup145C,668,Nup145C,593,endo_DSS
Nup60,350,Nup60,365,endo_DSS
Nup133,856,Mlp1,454,endo_DSS
Nup170,114,Nup170,587,endo_DSS
Nup59,209,Nic96,312,endo_DSS
Mlp1,739,Mlp1,764,endo_DSS
Nup170,1295,Nup145N,384,endo_DSS
Nup60,425,Nup60,442,endo_DSS
Mlp2,194,Mlp2,188,endo_DSS
Nsp1,795,Nic96,9,endo_DSS
Nup49,382,Nic96,1,endo_DSS
Nup157,1040,Nic96,266,endo_DSS
Nup116,885,Nup100,836,endo_DSS
Nup116,842,Nup188,527,endo_DSS
Nup60,236,Nup60,262,endo_DSS
Seh1,79,Nup60,262,endo_DSS
Nsp1,395,Nsp1,357,endo_DSS
Nic96,21,Nic96,9,endo_DSS
Nsp1,536,Nsp1,521,endo_DSS
Mlp2,734,Mlp1,767,endo_DSS
Nup1,552,Nup1,588,endo_DSS
Nup60,268,Nup60,262,endo_DSS
Nup1,288,Nup1,318,endo_DSS
Mlp1,279,Mlp1,274,endo_DSS
Mlp1,1465,Mlp1,1474,endo_DSS
Nup170,374,Nup170,547,endo_DSS
Mlp1,723,Mlp1,739,endo_DSS
Mlp1,1382,Mlp1,1539,endo_DSS
Nup60,268,Mlp1,563,endo_DSS
Nup100,887,Nup100,836,endo_DSS
Mlp2,1369,Mlp2,1387,endo_DSS
Mlp1,1174,Mlp1,49,endo_DSS
Mlp1,1736,Mlp1,1713,endo_DSS
Nup170,575,Nup170,547,endo_DSS
Mlp1,314,Mlp1,334,endo_DSS
Nic96,68,Nic96,64,endo_DSS
Nup188,1596,Nup188,1604,endo_DSS
Mlp2,1370,Mlp2,1387,endo_DSS
Mlp2,681,Mlp2,688,endo_DSS
Nic96,21,Nup100,814,endo_DSS
Mlp2,734,Mlp2,722,endo_DSS
Mlp1,1751,Mlp1,1716,endo_DSS
Mlp2,539,Mlp2,553,endo_DSS
Mlp2,1543,Mlp2,1534,endo_DSS
Mlp2,640,Mlp2,647,endo_DSS
Nup116,852,Nup116,863,endo_DSS
Nsp1,522,Nsp1,503,endo_DSS
Mlp1,231,Mlp1,1188,endo_DSS
Nsp1,555,Nsp1,599,endo_DSS
Mlp2,277,Mlp2,266,endo_DSS
Mlp1,1174,Mlp1,767,endo_DSS
Nup157,1229,Nup145N,370,endo_DSS
Mlp1,559,Mlp1,568,endo_DSS
Mlp1,559,Mlp1,566,endo_DSS
Nup192,1642,Nup192,1649,endo_DSS
Nup100,932,Nup1,348,endo_DSS
Mlp1,359,Mlp1,390,endo_DSS
Pom34,57,Nup157,301,endo_DSS
Nup100,633,Nic96,9,endo_DSS
Mlp2,1370,Mlp2,1394,endo_DSS
Mlp2,330,Mlp2,328,endo_DSS
Mlp1,962,Mlp1,968,endo_DSS
Mlp2,200,Mlp2,189,endo_DSS
Mlp1,590,Nup60,365,endo_DSS
Mlp1,563,Mlp1,566,endo_DSS
Mlp1,777,Mlp1,764,endo_DSS
Nup170,958,Nup170,946,endo_DSS
Mlp1,753,Mlp1,803,endo_DSS
Mlp2,1456,Mlp2,1469,endo_DSS
Nup53,394,Nup53,288,endo_DSS
Nup188,1645,Nup53,128,endo_DSS
Mlp1,1472,Mlp1,1474,endo_DSS
Nup60,385,Nup60,363,endo_DSS
Mlp2,1185,Mlp2,1193,endo_DSS
Nup2,262,Nup2,235,endo_DSS
Nsp1,517,Nup159,422,endo_DSS
Nup192,1374,Nup145N,301,endo_DSS
Nup59,151,Nic96,16,endo_DSS
Pom152,72,Nup157,732,endo_DSS
Pom152,72,Nic96,592,endo_DSS
Mlp1,741,Mlp1,808,endo_DSS
Mlp1,1090,Mlp1,1174,endo_DSS
Mlp1,1713,Mlp1,1681,endo_DSS
Nup60,225,Nup60,212,endo_DSS
Mlp1,1486,Mlp1,1508,endo_DSS
Mlp1,1477,Mlp1,1466,endo_DSS
Mlp1,808,Mlp1,808,endo_DSS
Nup60,225,Nup60,236,endo_DSS
Mlp1,1713,Mlp1,1382,endo_DSS
Mlp1,881,Mlp1,913,endo_DSS
Mlp1,1681,Mlp1,1664,endo_DSS
Mlp1,314,Mlp1,327,endo_DSS
Mlp1,314,Mlp1,335,endo_DSS
Mlp1,1507,Mlp1,1486,endo_DSS
Mlp1,741,Mlp1,221,endo_DSS
Nup116,952,Nup116,1070,endo_DSS
Mlp1,1794,Mlp1,1751,endo_DSS
Mlp1,146,Mlp1,134,endo_DSS
Mlp1,694,Mlp1,231,endo_DSS
Mlp1,772,Mlp1,221,endo_DSS
Mlp2,52,Mlp2,63,endo_DSS
Mlp1,314,Mlp1,1160,endo_DSS
Nup60,254,Nup60,225,endo_DSS
Nup1,568,Nup1,588,endo_DSS
Mlp1,335,Mlp1,335,endo_DSS
Nup1,668,Nup1,654,endo_DSS
Mlp1,1196,Mlp1,1072,endo_DSS
Mlp1,146,Mlp1,764,endo_DSS
Mlp1,887,Mlp1,913,endo_DSS
Mlp1,545,Nup85,2,endo_DSS
Mlp1,126,Mlp1,146,endo_DSS
Mlp1,1361,Mlp1,146,endo_DSS
Nsp1,661,Nup145N,264,endo_DSS
Mlp1,672,Mlp1,221,endo_DSS
Nup116,852,Nup100,709,endo_DSS
Mlp1,134,Mlp1,134,endo_DSS
Mlp1,1589,Mlp1,1598,endo_DSS
Nup116,796,Nup100,668,endo_DSS
Mlp1,390,Mlp1,683,endo_DSS
Mlp1,1720,Mlp1,1744,endo_DSS
Mlp1,1539,Mlp1,221,endo_DSS
Nup170,1126,Nup170,1144,endo_DSS
Mlp1,1477,Mlp1,1479,endo_DSS
Mlp1,1382,Mlp1,263,endo_DSS
Mlp1,459,Mlp1,568,endo_DSS
Mlp1,77,Mlp1,82,endo_DSS
Nup53,223,Nup53,394,endo_DSS
Nup100,733,Nup100,709,endo_DSS
Mlp1,764,Mlp1,221,endo_DSS
Nup170,1209,Nic96,173,endo_DSS
Nsp1,585,Nsp1,555,endo_DSS
Nup60,467,Nup2,94,endo_DSS
Mlp1,704,Mlp1,146,endo_DSS
Nup2,698,Nup2,702,endo_DSS
Mlp1,459,Mlp1,454,endo_DSS
Mlp1,1506,Mlp1,1507,endo_DSS
Mlp1,559,Mlp1,551,endo_DSS
Mlp1,314,Mlp1,390,endo_DSS
Mlp1,573,Mlp1,568,endo_DSS
Mlp1,1049,Mlp1,1055,endo_DSS
Mlp1,221,Mlp1,1188,endo_DSS
Nsp1,308,Nsp1,319,endo_DSS
Nup60,128,Nup60,4,endo_DSS
Nup116,770,Nup192,1,endo_DSS
Nup1,557,Nup1,588,endo_DSS
Mlp1,741,Mlp1,704,endo_DSS
Mlp1,231,Mlp1,764,endo_DSS
Mlp1,694,Mlp1,764,endo_DSS
Mlp1,134,Mlp1,146,endo_DSS
Mlp1,573,Mlp1,454,endo_DSS
Mlp1,1174,Mlp1,1090,endo_DSS
Nic96,9,Nup57,400,endo_DSS
Mlp1,694,Mlp1,269,endo_DSS
Nup60,225,Nup60,235,endo_DSS
Mlp1,881,Mlp1,887,endo_DSS
Mlp1,924,Mlp1,881,endo_DSS
Mlp1,590,Mlp1,568,endo_DSS
Mlp1,1382,Mlp1,764,endo_DSS
Nsp1,517,Nsp1,370,endo_DSS
Nup145N,476,Nup145C,39,endo_DSS
Mlp1,221,Mlp1,221,endo_DSS
Mlp1,1096,Mlp1,1086,endo_DSS
Nup159,1372,Seh1,244,endo_DSS
Mlp1,590,Mlp1,1341,endo_DSS
Mlp2,1269,Mlp2,1260,endo_DSS
Nup188,1216,Nup145N,301,endo_DSS
Mlp1,1361,Mlp1,454,endo_DSS
Mlp1,200,Mlp1,764,endo_DSS
Nup2,245,Nup2,238,endo_DSS
Mlp1,1564,Mlp1,1578,endo_DSS
Mlp1,741,Mlp1,723,endo_DSS
Mlp1,216,Mlp1,683,endo_DSS
Nup42,407,Gle1,231,endo_DSS
Mlp1,757,Mlp1,1188,endo_DSS
Mlp1,590,Mlp1,566,endo_DSS
Mlp1,351,Mlp1,391,endo_DSS
Nup145N,382,Nup157,1194,endo_DSS
Mlp1,1751,Mlp1,1640,endo_DSS
Mlp1,1328,Mlp1,391,endo_DSS
Nup159,935,Nup159,918,endo_DSS
Mlp1,153,Mlp1,821,endo_DSS
Mlp1,1382,Mlp1,1072,endo_DSS
Mlp1,568,Mlp1,454,endo_DSS
Mlp1,1382,Mlp1,146,endo_DSS
Nup49,463,Nup192,1652,endo_DSS
Nsp1,594,Nsp1,555,endo_DSS
Mlp1,269,Mlp1,263,endo_DSS
Nup1,663,Nup1,675,endo_DSS
Mlp1,1539,Mlp1,1530,endo_DSS
Mlp1,221,Mlp1,1328,endo_DSS
Mlp1,1713,Mlp1,1744,endo_DSS
Mlp2,266,Mlp1,683,endo_DSS
Mlp1,757,Mlp1,777,endo_DSS
Mlp1,741,Mlp1,767,endo_DSS
Mlp1,1090,Mlp1,1169,endo_DSS
Pom152,836,Pom152,914,endo_DSS
Mlp1,672,Mlp1,391,endo_DSS
Mlp1,757,Mlp1,694,endo_DSS
Nup53,415,Nup53,394,endo_DSS
Nup157,976,Nup157,995,endo_DSS
Mlp1,1474,Mlp1,1479,endo_DSS
Mlp1,678,Mlp1,877,endo_DSS
Mlp1,1072,Mlp1,1188,endo_DSS
Mlp1,1604,Mlp1,1619,endo_DSS
Mlp2,756,Mlp1,777,endo_DSS
Nsp1,384,Nsp1,490,endo_DSS
Mlp1,881,Mlp1,871,endo_DSS
Mlp1,390,Mlp1,395,endo_DSS
Mlp1,146,Mlp1,767,endo_DSS
Mlp1,568,Mlp1,459,endo_DSS
Mlp2,1269,Mlp2,1271,endo_DSS
Nup157,732,Pom152,81,endo_DSS
Mlp2,1651,Mlp2,1469,endo_DSS
Mlp1,1344,Mlp1,1328,endo_DSS
Mlp1,757,Mlp1,683,endo_DSS
Nup60,121,Nup60,148,endo_DSS
Mlp1,573,Mlp1,573,endo_DSS
Nup1,557,Nup1,530,endo_DSS
Nup159,1151,Dyn2,47,endo_DSS
Nup2,262,Nup145N,421,endo_DSS
Nsp1,559,Nsp1,613,endo_DSS
Mlp1,927,Mlp1,877,endo_DSS
Mlp1,545,Mlp1,563,endo_DSS
Mlp2,1534,Mlp2,1469,endo_DSS
Mlp2,1475,Mlp1,1276,endo_DSS
Nup60,43,Nup60,57,endo_DSS
Mlp1,263,Mlp1,263,endo_DSS
Nsp1,350,Nsp1,536,endo_DSS
Mlp1,865,Mlp1,683,endo_DSS
Mlp1,1382,Mlp1,1328,endo_DSS
Nup100,731,Nup100,709,endo_DSS
Mlp1,545,Mlp1,683,endo_DSS
Nup60,447,Nup60,440,endo_DSS
Nup1,288,Nup1,230,endo_DSS
Mlp1,1169,Mlp1,1160,endo_DSS
Mlp1,1248,Mlp1,1246,endo_DSS
Gle1,273,Gle1,288,endo_DSS
Mlp1,1578,Mlp2,30,endo_DSS
Mlp1,1713,Mlp1,1809,endo_DSS
Nup188,1638,Nup188,1610,endo_DSS
Pom152,363,Pom152,307,endo_DSS
Nup188,1244,Nup53,2,endo_DSS
Mlp2,1665,Mlp2,1651,endo_DSS
Mlp1,551,Mlp1,911,endo_DSS
Mlp1,314,Mlp1,351,endo_DSS
Nup60,476,Nup2,94,endo_DSS
Nic96,526,Nup145N,301,endo_DSS
Mlp1,134,Mlp1,124,endo_DSS
Mlp1,1248,Mlp1,1237,endo_DSS
Mlp1,694,Mlp1,274,endo_DSS
Mlp1,105,Mlp1,877,endo_DSS
Mlp1,327,Mlp1,334,endo_DSS
Gle2,201,Gle2,243,endo_DSS
Mlp1,1328,Mlp1,968,endo_DSS
Gle1,53,Nup82,251,endo_DSS
Mlp2,147,Mlp1,146,endo_DSS
Nup53,366,Nup53,357,endo_DSS
Mlp1,694,Mlp1,767,endo_DSS
Mlp1,231,Mlp1,777,endo_DSS
Mlp1,573,Mlp1,563,endo_DSS
Nup1,296,Nup1,318,endo_DSS
Mlp1,559,Mlp1,565,endo_DSS
Pom34,217,Nup170,1122,endo_DSS
Nup159,1387,Seh1,198,endo_DSS
Nup2,338,Nup2,327,endo_DSS
Nup116,796,Nup100,671,endo_DSS
Nup59,151,Nup49,463,endo_DSS
Nup2,239,Gle1,212,endo_DSS
Mlp1,1583,Mlp2,30,endo_DSS
Nsp1,503,Nsp1,346,endo_DSS
Mlp1,1292,Mlp1,1312,endo_DSS
Nsp1,528,Nup2,615,endo_DSS
Mlp1,772,Mlp1,1169,endo_DSS
Gle1,144,Nup157,1367,endo_DSS
Nup82,674,Nup159,1372,endo_DSS
Mlp1,1382,Mlp1,390,endo_DSS
Nup2,428,Nup2,432,endo_DSS
Mlp1,391,Mlp1,681,endo_DSS
Mlp2,368,Mlp1,395,endo_DSS
Mlp1,672,Mlp1,390,endo_DSS
Nup2,262,Nup2,238,endo_DSS
Nup49,463,Nup57,538,endo_DSS
Nic96,312,Nic96,315,endo_DSS
Mlp1,1506,Mlp1,1472,endo_DSS
Nic96,517,Nic96,529,endo_DSS
Mlp1,704,Mlp1,1328,endo_DSS
Nup2,150,Nup2,153,endo_DSS
Nsp1,338,Nsp1,540,endo_DSS
Mlp1,77,Nup82,604,endo_DSS
Nup53,319,Mlp2,1434,endo_DSS
Mlp2,1475,Nup188,429,endo_DSS
Mlp1,1794,Nup157,1367,endo_DSS
Mlp1,221,Mlp1,1341,endo_DSS
Mlp1,1520,Mlp1,1507,endo_DSS
Mlp1,1276,Mlp1,1341,endo_DSS
Mlp1,943,Mlp1,988,endo_DSS
Mlp1,1382,Mlp1,391,endo_DSS
Mlp1,741,Mlp1,753,endo_DSS
Nup1,552,Nup1,529,endo_DSS
Mlp1,1654,Nup116,1085,endo_DSS
Mlp1,1547,Nup145N,421,endo_DSS
Pom34,278,Nup100,668,endo_DSS
Mlp1,1506,Mlp1,1477,endo_DSS
Mlp2,1188,Mlp2,1193,endo_DSS
Mlp1,134,Mlp2,1396,endo_DSS
Mlp1,973,Nup120,963,endo_DSS
Nsp1,308,Mlp2,549,endo_DSS
Mlp1,694,Mlp1,263,endo_DSS
Nsp1,389,Nsp1,395,endo_DSS
Mlp1,777,Mlp1,681,endo_DSS
Mlp1,871,Mlp1,1341,endo_DSS
Mlp1,875,Mlp1,881,endo_DSS
Mlp1,767,Mlp1,681,endo_DSS
Nup100,925,Nup1,348,endo_DSS
Mlp1,741,Mlp1,777,endo_DSS
Nup192,1374,Ndc1,1,endo_DSS
Mlp1,672,Mlp1,767,endo_DSS
Mlp1,1382,Mlp1,1716,endo_DSS
Nup157,973,Mlp1,1548,endo_DSS
Nup53,406,Nup53,399,endo_DSS
Nsp1,370,Ndc1,2,endo_DSS
Mlp1,1736,Mlp1,1716,endo_DSS
Mlp1,1578,Mlp1,1578,endo_DSS
Mlp1,1681,Mlp1,1716,endo_DSS
Mlp2,1129,Mlp2,1131,endo_DSS
Nsp1,289,Nsp1,502,endo_DSS
Mlp1,777,Mlp1,678,endo_DSS
Mlp1,314,Mlp1,683,endo_DSS
Nsp1,370,Nup145N,372,endo_DSS
Mlp1,351,Mlp1,334,endo_DSS
Nup2,310,Nup2,327,endo_DSS
Mlp2,781,Mlp1,1661,endo_DSS
Mlp2,575,Mlp2,432,endo_DSS
Mlp2,1048,Mlp1,757,endo_DSS
Mlp1,146,Mlp1,1341,endo_DSS
Mlp2,381,Mlp1,395,endo_DSS
Pom34,209,Nup170,1122,endo_DSS
Nup60,121,Nup60,57,endo_DSS
Mlp2,1370,Mlp2,1396,endo_DSS
Mlp1,1303,Nup1,317,endo_DSS
Nup188,527,Nup157,1,endo_DSS
Mlp1,764,Mlp1,683,endo_DSS
Mlp2,926,Mlp2,189,endo_DSS
Mlp1,1640,Mlp1,1587,endo_DSS
Mlp1,1648,Mlp2,30,endo_DSS
Mlp1,881,Mlp1,875,endo_DSS
Nup2,716,Nup60,2,endo_DSS
Mlp1,563,Mlp1,559,endo_DSS
Nup60,425,Nup60,440,endo_DSS
Pom152,52,Nic96,592,endo_DSS
Mlp1,1664,Mlp1,1661,endo_DSS
Mlp1,1276,Nup116,772,endo_DSS
Dyn2,19,Mlp2,1469,endo_DSS
Mlp2,209,Mlp1,126,endo_DSS
Nsp1,389,Nsp1,338,endo_DSS
Mlp2,681,Mlp2,669,endo_DSS
Mlp1,221,Mlp1,683,endo_DSS
Mlp1,1169,Mlp1,683,endo_DSS
Mlp1,1654,Mlp1,1661,endo_DSS
Nup188,1638,Nup1,497,endo_DSS
Nsp1,522,Mlp1,1530,endo_DSS
Mlp2,663,Mlp2,669,endo_DSS
Mlp1,1465,Mlp2,1131,endo_DSS
Nsp1,346,Mlp1,683,endo_DSS
Mlp2,1260,Mlp1,681,endo_DSS
Mlp1,973,Nic96,362,endo_DSS
Mlp1,1506,Mlp1,1479,endo_DSS
Mlp1,77,Nic96,2,endo_DSS
Mlp1,1361,Mlp1,1341,endo_DSS
Nic96,389,Nsp1,319,endo_DSS
Nsp1,289,Nsp1,498,endo_DSS
Nsp1,294,Nsp1,384,endo_DSS
Nsp1,350,Nsp1,312,endo_DSS
Nsp1,395,Mlp1,772,endo_DSS
Nsp1,490,Nsp1,661,endo_DSS
Nsp1,585,Nup159,1020,endo_DSS
Nsp1,585,Nup82,569,endo_DSS
Nsp1,816,Nup85,2,endo_DSS
Nup159,1417,Nup159,1432,endo_DSS
Nup159,409,Nsp1,559,endo_DSS
Nup159,818,Nup159,830,endo_DSS
Nup159,851,Nup159,840,endo_DSS
Nup60,435,Nup60,442,endo_DSS
Nup60,447,Nup60,467,endo_DSS
Nup120,17,Nup120,412,Nup84_DSS
Nup120,17,Nup120,735,Nup84_DSS
Nup120,206,Nup120,217,Nup84_DSS
Nup120,384,Nup120,362,Nup84_DSS
Nup120,400,Nup120,530,Nup84_DSS
Nup120,400,Nup120,531,Nup84_DSS
Nup120,400,Nup120,735,Nup84_DSS
Nup120,735,Nup120,412,Nup84_DSS
Nup120,943,Nup145C,672,Nup84_DSS
Nup120,943,Nup145C,681,Nup84_DSS
Nup120,972,Nup120,963,Nup84_DSS
Nup120,972,Nup145C,681,Nup84_DSS
Nup120,972,Nup145C,694,Nup84_DSS
Nup120,972,Nup85,729,Nup84_DSS
Nup120,972,Nup85,733,Nup84_DSS
Nup120,972,Nup85,734,Nup84_DSS
Nup133,1034,Nup133,946,Nup84_DSS
Nup133,1072,Nup133,1034,Nup84_DSS
Nup133,1072,Nup133,1035,Nup84_DSS
Nup133,1072,Nup133,936,Nup84_DSS
Nup133,115,Nup133,59,Nup84_DSS
Nup133,168,Nup133,191,Nup84_DSS
Nup133,171,Nup133,191,Nup84_DSS
Nup133,191,Nup133,239,Nup84_DSS
Nup133,278,Nup133,239,Nup84_DSS
Nup133,488,Nup133,442,Nup84_DSS
Nup133,506,Nup133,59,Nup84_DSS
Nup133,532,Nup133,488,Nup84_DSS
Nup133,544,Nup133,488,Nup84_DSS
Nup133,59,Nup133,5,Nup84_DSS
Nup133,913,Nup133,946,Nup84_DSS
Nup133,936,Nup84,712,Nup84_DSS
Nup133,946,Nup133,912,Nup84_DSS
Nup133,966,Nup133,963,Nup84_DSS
Nup133,966,Nup84,625,Nup84_DSS
Nup133,973,Nup133,976,Nup84_DSS
Nup145C,1,Nup145C,39,Nup84_DSS
Nup145C,1,Nup145C,43,Nup84_DSS
Nup145C,1,Nup85,163,Nup84_DSS
Nup145C,1,Nup85,564,Nup84_DSS
Nup145C,163,Nup145C,174,Nup84_DSS
Nup145C,183,Nup145C,174,Nup84_DSS
Nup145C,183,Nup145C,197,Nup84_DSS
Nup145C,183,Sec13,282,Nup84_DSS
Nup145C,204,Nup145C,532,Nup84_DSS
Nup145C,227,Nup145C,183,Nup84_DSS
Nup145C,236,Nup145C,219,Nup84_DSS
Nup145C,284,Nup145C,357,Nup84_DSS
Nup145C,353,Nup84,154,Nup84_DSS
Nup145C,360,Nup145C,353,Nup84_DSS
Nup145C,39,Nup85,163,Nup84_DSS
Nup145C,39,Nup85,2,Nup84_DSS
Nup145C,39,Nup85,680,Nup84_DSS
Nup145C,43,Nup85,163,Nup84_DSS
Nup145C,48,Nup145C,39,Nup84_DSS
Nup145C,59,Nup145C,39,Nup84_DSS
Nup145C,59,Nup145C,43,Nup84_DSS
Nup145C,59,Nup85,564,Nup84_DSS
Nup145C,59,Nup85,680,Nup84_DSS
Nup145C,593,Nup145C,694,Nup84_DSS
Nup145C,642,Nup145C,681,Nup84_DSS
Nup145C,642,Nup145C,683,Nup84_DSS
Nup145C,642,Nup145C,694,Nup84_DSS
Nup145C,668,Nup145C,593,Nup84_DSS
Nup145C,67,Nup145C,43,Nup84_DSS
Nup145C,681,Nup145C,711,Nup84_DSS
Nup145C,683,Nup145C,672,Nup84_DSS
Nup145C,694,Nup145C,649,Nup84_DSS
Nup145C,694,Nup145C,672,Nup84_DSS
Nup145C,694,Nup145C,681,Nup84_DSS
Nup145C,694,Nup85,729,Nup84_DSS
Nup145C,707,Nup145C,681,Nup84_DSS
Nup84,114,Nup84,107,Nup84_DSS
Nup84,20,Nup84,459,Nup84_DSS
Nup84,23,Nup84,14,Nup84_DSS
Nup84,23,Nup84,460,Nup84_DSS
Nup84,460,Nup84,20,Nup84_DSS
Nup84,544,Nup84,670,Nup84_DSS
Nup84,573,Nup84,544,Nup84_DSS
Nup84,573,Nup84,560,Nup84_DSS
Nup84,592,Nup84,560,Nup84_DSS
Nup84,592,Nup84,625,Nup84_DSS
Nup84,602,Nup84,544,Nup84_DSS
Nup84,66,Nup84,382,Nup84_DSS
Nup84,669,Nup84,676,Nup84_DSS
Nup84,669,Nup84,712,Nup84_DSS
Nup85,102,Nup85,163,Nup84_DSS
Nup85,231,Nup85,2,Nup84_DSS
Nup85,231,Nup85,238,Nup84_DSS
Nup85,247,Nup85,237,Nup84_DSS
Nup85,247,Nup85,345,Nup84_DSS
Nup85,293,Nup85,2,Nup84_DSS
Nup85,30,Nup85,1,Nup84_DSS
Nup85,30,Nup85,163,Nup84_DSS
Nup85,30,Nup85,2,Nup84_DSS
Nup85,39,Nup85,60,Nup84_DSS
Nup85,438,Seh1,244,Nup84_DSS
Nup85,536,Nup85,564,Nup84_DSS
Nup85,60,Nup145C,43,Nup84_DSS
Nup85,60,Nup85,2,Nup84_DSS
Nup85,60,Nup85,39,Nup84_DSS
Nup85,680,Nup145C,43,Nup84_DSS
Nup85,680,Nup85,734,Nup84_DSS
Nup85,718,Nup85,733,Nup84_DSS
Nup85,718,Nup85,734,Nup84_DSS
Nup85,718,Seh1,198,Nup84_DSS
Nup85,729,Nup85,733,Nup84_DSS
Nup85,729,Nup85,734,Nup84_DSS
Nup85,85,Nup85,2,Nup84_DSS
Nup85,85,Nup85,64,Nup84_DSS
Nup85,89,Nup85,2,Nup84_DSS
Sec13,183,Seh1,198,Nup84_DSS
Sec13,186,Sec13,172,Nup84_DSS
Sec13,2,Nup145C,141,Nup84_DSS
Sec13,2,Nup145C,163,Nup84_DSS
Sec13,2,Nup145C,168,Nup84_DSS
Sec13,2,Nup145C,174,Nup84_DSS
Sec13,2,Nup145C,39,Nup84_DSS
Sec13,2,Nup145C,43,Nup84_DSS
Sec13,2,Nup145C,59,Nup84_DSS
Sec13,2,Sec13,31,Nup84_DSS
Sec13,2,Sec13,34,Nup84_DSS
Sec13,2,Seh1,198,Nup84_DSS
Sec13,244,Nup145C,437,Nup84_DSS
Sec13,244,Sec13,288,Nup84_DSS
Sec13,245,Nup85,2,Nup84_DSS
Sec13,252,Nup85,734,Nup84_DSS
Sec13,252,Sec13,245,Nup84_DSS
Sec13,277,Nup145C,174,Nup84_DSS
Sec13,277,Sec13,249,Nup84_DSS
Sec13,282,Nup145C,174,Nup84_DSS
Sec13,282,Nup145C,437,Nup84_DSS
Sec13,288,Nup145C,437,Nup84_DSS
Sec13,288,Sec13,245,Nup84_DSS
Sec13,288,Sec13,249,Nup84_DSS
Sec13,31,Nup145C,141,Nup84_DSS
Sec13,34,Nup145C,168,Nup84_DSS
Sec13,44,Nup145C,168,Nup84_DSS
Sec13,44,Sec13,2,Nup84_DSS
Sec13,65,Nup145C,509,Nup84_DSS
Sec13,83,Nup145C,649,Nup84_DSS
Seh1,1,Nup85,163,Nup84_DSS
Seh1,1,Nup85,2,Nup84_DSS
Seh1,1,Nup85,30,Nup84_DSS
Seh1,1,Nup85,39,Nup84_DSS
Seh1,1,Nup85,89,Nup84_DSS
Seh1,1,Seh1,40,Nup84_DSS
Seh1,100,Nup85,2,Nup84_DSS
Seh1,108,Seh1,79,Nup84_DSS
Seh1,182,Seh1,198,Nup84_DSS
Seh1,2,Nup85,1,Nup84_DSS
Seh1,207,Nup85,2,Nup84_DSS
Seh1,207,Seh1,198,Nup84_DSS
Seh1,212,Nup85,2,Nup84_DSS
Seh1,236,Nup85,2,Nup84_DSS
Seh1,236,Nup85,64,Nup84_DSS
Seh1,236,Seh1,212,Nup84_DSS
Seh1,248,Seh1,207,Nup84_DSS
Seh1,34,Nup85,2,Nup84_DSS
Seh1,40,Nup85,2,Nup84_DSS
Seh1,40,Nup85,564,Nup84_DSS
Seh1,40,Seh1,34,Nup84_DSS
Seh1,82,Seh1,100,Nup84_DSS
Nup120,17,Nup120,421,Nup84_EDC
Nup120,206,Nup120,219,Nup84_EDC
Nup120,38,Nup120,429,Nup84_EDC
Nup120,400,Nup120,440,Nup84_EDC
Nup120,400,Nup120,523,Nup84_EDC
Nup120,735,Nup120,403,Nup84_EDC
Nup120,865,Nup120,894,Nup84_EDC
Nup133,103,Nup133,130,Nup84_EDC
Nup133,1072,Nup133,1032,Nup84_EDC
Nup133,1142,Nup133,1068,Nup84_EDC
Nup133,1144,Nup133,1068,Nup84_EDC
Nup133,168,Nup133,131,Nup84_EDC
Nup133,171,Nup133,127,Nup84_EDC
Nup133,171,Nup133,195,Nup84_EDC
Nup133,187,Nup133,127,Nup84_EDC
Nup133,253,Nup84,340,Nup84_EDC
Nup133,394,Nup133,454,Nup84_EDC
Nup133,480,Nup133,63,Nup84_EDC
Nup133,484,Nup133,442,Nup84_EDC
Nup133,486,Nup133,442,Nup84_EDC
Nup133,506,Nup133,562,Nup84_EDC
Nup133,912,Nup133,1097,Nup84_EDC
Nup133,913,Nup133,989,Nup84_EDC
Nup133,936,Nup133,392,Nup84_EDC
Nup133,936,Nup133,952,Nup84_EDC
Nup133,936,Nup84,713,Nup84_EDC
Nup133,946,Nup133,1097,Nup84_EDC
Nup133,946,Nup133,935,Nup84_EDC
Nup145C,141,Seh1,284,Nup84_EDC
Nup145C,183,Nup145C,226,Nup84_EDC
Nup145C,183,Nup145C,231,Nup84_EDC
Nup145C,193,Nup145C,220,Nup84_EDC
Nup145C,219,Nup145C,187,Nup84_EDC
Nup145C,219,Nup145C,231,Nup84_EDC
Nup145C,250,Nup145C,213,Nup84_EDC
Nup145C,309,Nup145C,293,Nup84_EDC
Nup145C,39,Nup145C,22,Nup84_EDC
Nup145C,39,Nup145C,60,Nup84_EDC
Nup145C,39,Nup85,164,Nup84_EDC
Nup145C,39,Nup85,715,Nup84_EDC
Nup145C,39,Nup85,587,Nup84_EDC
Nup145C,39,Seh1,138,Nup84_EDC
Nup145C,59,Nup145C,42,Nup84_EDC
Nup145C,593,Nup145C,201,Nup84_EDC
Nup145C,62,Nup85,2,Nup84_EDC
Nup145C,642,Nup145C,686,Nup84_EDC
Nup145C,672,Nup145C,700,Nup84_EDC
Nup145C,681,Nup145C,700,Nup84_EDC
Nup145C,683,Nup145C,679,Nup84_EDC
Nup145C,91,Nup145C,44,Nup84_EDC
Nup145C,91,Nup145C,60,Nup84_EDC
Nup145C,91,Nup145C,70,Nup84_EDC
Nup84,143,Nup145C,335,Nup84_EDC
Nup84,143,Nup84,164,Nup84_EDC
Nup84,143,Nup84,173,Nup84_EDC
Nup84,154,Nup145C,335,Nup84_EDC
Nup84,544,Nup84,565,Nup84_EDC
Nup84,544,Nup84,598,Nup84_EDC
Nup84,592,Nup84,626,Nup84_EDC
Nup84,619,Nup84,599,Nup84_EDC
Nup84,712,Nup133,935,Nup84_EDC
Nup85,14,Nup85,2,Nup84_EDC
Nup85,17,Seh1,1,Nup84_EDC
Nup85,2,Seh1,1,Nup84_EDC
Nup85,30,Nup85,164,Nup84_EDC
Nup85,536,Nup145C,70,Nup84_EDC
Nup85,585,Nup145C,42,Nup84_EDC
Nup85,705,Seh1,144,Nup84_EDC
Nup85,85,Nup85,63,Nup84_EDC
Nup85,87,Nup85,59,Nup84_EDC
Sec13,10,Nup145C,164,Nup84_EDC
Sec13,186,Sec13,239,Nup84_EDC
Sec13,2,Nup120,990,Nup84_EDC
Sec13,2,Nup145C,164,Nup84_EDC
Sec13,2,Nup145C,22,Nup84_EDC
Sec13,2,Nup145C,283,Nup84_EDC
Sec13,2,Nup145C,42,Nup84_EDC
Sec13,2,Nup145C,60,Nup84_EDC
Sec13,2,Nup145C,72,Nup84_EDC
Sec13,2,Sec13,37,Nup84_EDC
Sec13,2,Sec13,41,Nup84_EDC
Sec13,2,Sec13,47,Nup84_EDC
Sec13,2,Seh1,141,Nup84_EDC
Sec13,2,Seh1,279,Nup84_EDC
Sec13,22,Sec13,39,Nup84_EDC
Sec13,277,Sec13,294,Nup84_EDC
Sec13,282,Nup145C,179,Nup84_EDC
Sec13,282,Nup145C,438,Nup84_EDC
Sec13,283,Nup145C,437,Nup84_EDC
Sec13,286,Nup145C,437,Nup84_EDC
Sec13,288,Sec13,250,Nup84_EDC
Seh1,1,Nup85,32,Nup84_EDC
Seh1,1,Nup85,33,Nup84_EDC
Seh1,1,Nup85,4,Nup84_EDC
Seh1,198,Seh1,279,Nup84_EDC
Seh1,2,Nup85,34,Nup84_EDC
Seh1,2,Nup85,4,Nup84_EDC
Seh1,201,Seh1,279,Nup84_EDC
Seh1,201,Seh1,283,Nup84_EDC
Seh1,207,Seh1,279,Nup84_EDC
Seh1,37,Seh1,89,Nup84_EDC
Seh1,40,Nup145C,44,Nup84_EDC
Seh1,40,Nup85,2,Nup84_EDC
Seh1,79,Nup85,2,Nup84_EDC
Nup100,671,Nup116,806,new_19
Nup60,254,Nup85,2,new_19
Nup60,262,Seh1,1,new_19
Nup1,283,Nup116,863,new_19
Nsp1,816,Nup82,269,new_19
Nic96,1,Nup157,860,new_19
Nic96,167,Nup49,463,new_19
Nup2,94,Nup60,463,new_19
Nup100,633,Nup57,423,new_19
Nup159,1414,Nup82,269,new_19
Mlp1,741,Mlp2,714,new_19
Mlp1,1486,Pom34,82,new_19
Mlp1,1583,Nup1,318,new_19
Mlp1,792,Mlp2,147,new_19
Mlp1,764,Mlp2,734,new_19
Nsp1,613,Nup116,772,new_19
Ndc1,1,Nup157,915,new_19
Nic96,1,Nsp1,585,new_19
Mlp2,539,Nup60,254,new_19
Ndc1,313,Nic96,211,new_123
Ndc1,313,Nup53,409,new_123
Nup2,145,Nup60,467,new_123
Nic96,188,Nup170,1144,new_123
Mlp1,792,Mlp2,756,new_123
Nsp1,619,Nup57,400,new_123
Nup60,37,Nup85,705,new_123
Nsp1,599,Nup82,533,new_123
Nsp1,613,Nup192,41,new_123
Nup2,62,Nup60,463,new_123
Nsp1,607,Nup82,533,new_123
Nup170,1078,Nup57,455,new_123
Nup145N,301,Nup57,480,new_123
Nic96,188,Nup170,1140,new_123
Ndc1,313,Nup53,383,new_123
Mlp1,881,Mlp2,862,new_123
Mlp1,753,Mlp2,725,new_123
Nup159,1400,Nup82,269,new_123
Ndc1,1,Nup170,1014,new_123
Mlp1,1640,Nsp1,541,new_123
Mlp1,865,Mlp2,836,new_123
Nup60,254,Seh1,40,new_123
Nup170,1486,Nup192,1471,new_123
Nup100,653,Nup57,480,new_123
Nup145N,264,Nup49,317,new_123
Mlp1,739,Mlp2,725,new_123
Mlp1,170,Mlp2,152,new_123
Mlp1,772,Mlp2,749,new_123
Nsp1,740,Nup170,880,new_123
Nic96,166,Nup192,1649,new_123
Nup159,1397,Nup85,564,new_123
Mlp1,772,Mlp2,164,new_123
Nsp1,661,Nup59,151,new_123
Nup192,891,Pom34,278,new_123
Nup188,875,Nup192,1369,new_123
Mlp2,1370,Nup100,671,new_123
Nup159,1387,Nup85,564,new_123
Nup100,756,Nup188,522,new_123
Nic96,1,Nup49,317,new_123
Mlp1,545,Nup145C,39,new_123
Nup145N,264,Nup49,382,new_123
Nup188,1530,Nup59,151,new_123
Nup145C,86,Nup159,1397,new_123
Nup60,262,Seh1,100,new_123
Mlp1,153,Mlp2,147,new_123
Nsp1,574,Nup82,569,new_123
Ndc1,1,Nup53,435,new_123
Nup188,1638,Nup59,126,new_123
Mlp1,454,Nup84,679,new_123
Nup120,972,Nup85,729,new_123
Mlp1,877,Mlp2,842,new_123
Nup60,262,Nup85,89,new_123
Nup159,1460,Nup82,409,new_123
Nic96,1,Nup57,400,new_123
Ndc1,541,Nic96,306,new_123
Mlp1,672,Mlp2,266,new_123
Nup145N,301,Nup188,1304,new_123
Nsp1,816,Nup192,1369,new_123
Nup170,1014,Nup59,209,new_123
Nup159,1387,Nup82,692,new_123
Nic96,592,Pom152,62,new_123
Mlp1,559,Nup60,286,new_123
Nic96,306,Nup53,390,new_123
Nup100,671,Nup116,798,new_123
Mlp1,741,Mlp2,725,new_123
Mlp2,466,Nup60,262,new_123
Nic96,306,Nup53,409,new_123
Nup57,508,Nup59,151,new_123
Nic96,1,Nup57,467,new_123
Nup1,296,Nup100,733,new_123
Nup170,311,Nup53,459,new_123
Nup116,895,Nup145N,372,new_123
Nic96,211,Nup53,223,new_123
Mlp1,559,Nup85,2,new_123
Nsp1,613,Nup82,533,new_123
Mlp1,739,Mlp2,194,new_123
Mlp1,767,Mlp2,181,new_123
Nic96,1,Nsp1,823,new_123
Mlp1,568,Nup60,268,new_123
Ndc1,541,Nup53,409,new_123
Nup116,778,Nup188,243,new_123
Nic96,1,Nsp1,660,new_123
Mlp1,77,Mlp2,73,new_123
Nup170,1014,Pom34,278,new_123
Nup157,973,Nup170,1475,new_123
Nic96,1,Nup49,463,new_123
Nic96,1,Nup49,295,new_123
Nic96,306,Nup53,376,new_123
Ndc1,313,Nup157,922,new_123
Mlp1,777,Mlp2,152,new_123
Nup60,235,Nup85,705,new_123
Nic96,617,Nup170,1475,new_123
Nup159,1397,Nup82,692,new_123
Nup116,863,Nup188,423,new_123
Nic96,617,Nup157,976,new_123
Nup1,288,Nup116,863,new_123
Nup159,1372,Nup82,675,new_123
Nup192,902,Nup57,414,new_123
Mlp1,871,Mlp2,842,new_123
Mlp2,539,Nup60,262,new_123
Nic96,306,Nup53,399,new_123
Mlp1,672,Mlp2,277,new_123
Nup188,1638,Nup53,93,new_123
Nup60,287,Nup85,163,new_123
Mlp1,911,Mlp2,862,new_123
Nic96,1,Nup57,496,new_123
Nup82,587,Nup84,108,new_123
Nic96,9,Nup192,961,new_123
Mlp1,777,Mlp2,164,new_123
Ndc1,1,Nup170,818,new_123
Nic96,306,Nup53,394,new_123
Nup133,243,Nup159,1397,new_123
Mlp1,792,Mlp2,152,new_123
Nic96,211,Nup53,200,new_123
Nup49,317,Nup57,496,new_123
Nup170,1014,Nup53,459,new_123
Nic96,9,Nup59,151,new_123
Nup100,717,Nup188,423,new_123
Nup192,961,Nup49,317,new_123
Nup170,1121,Pom34,217,new_123
Nup1,288,Nup100,717,new_123
Nup60,43,Seh1,100,new_123
Nup159,1447,Nup82,246,new_123
